vendor_name
4G Futures
501 Sanitation & Roll-Offs LLC.
6M Recycling LLC
86 Dumpster
A&C Waste Collection
A&J Trash Service
"A-1 Sanitation and Recycling, LLC"
"A-rrow Sanitation Service, Inc"
AAA Recycling
AAA Rubbish Inc
AAA Trash Service
Abe's Trash Service
"Acadiana Waste Services, LLC"
Accent Wire-Tie
Accurate Paper Recycling
Action Metal Recycling
"Adam's Disposal & Recycling Service, LLC"
"ADM Rolloff, LLC"
Alameda County Industries - San Leandro
Alex Rubbish & Recycling Inc
All American Disposal
"All American Waste, LLC"
All Florida Scrap Metal
All Metals Recycling
"All State Waste, Inc."
All Waste Inc
Allan Industries Recyclers LLC
Allen Disposal
Alliance Industrial Corporation
Alpha Scrap Metal
"ALPHA WASTE DISPOSAL, INC"
Alt Refuse
Alter Metal Recycling - Council Bluffs
Alter Metal Recycling-Lincoln NE
Alter Metal Recycling-Rockford
"Amber's Disposal, LLC"
American Disposal -MN
American Disposal Systems-NJ
AMERICAN ENVIRONMENTAL LANDFILL
American Fiber Services
American Hauling Services
"American Waste Control, Inc"
AMG Resources Corporation
Amwaste of Louisiana
Anchor Carting
Anytime Portables
Apex Waste
Apex Waste - Vail Valley
Area Refuse Service
"ASC, LLC"
Aspen Waste Systems Inc
AT Disposal
At Your Disposal Solid Waste Removal - NM
Athens-Clark County Solid Waste Services
Atlas Metal and Iron Corporation
"AVK Hauling Services, LLC"
"AYD - At Your Disposal Waste Services, Inc - TX"
Aztec Waste
B&L Disposal
B-P Trucking
Bailey Recycling and Scrap Metal
Basin Disposal Inc
Basin Disposal Inc - Pasco WA
BCC Waste Solutions
Best Cleaner Disposal
Best Pick Disposal Inc
"Best Way - Anderson, IN"
"Best Way - Modoc, IN"
Bi County Disposal
Big Stuff Inc.
Big Wally's Hauling and Junk Removal
Binford Metals
Blue Chem Services
Blue Hills Environmental
Blue RIdge Waste Disposal
BOROWIDE
Boxx Sanitation
Brake Landscaping & Lawncare Inc
"Bruin Waste Management, LLC"
Buckman Iron and Metal
Budget Rolloffs LLC
"C&H Disposal Service, Inc."
C&L Junk Removal
Cards Eastern OK
Carolina Metals Group
Carteret Disposal
Casella Major Accounts Services LLC
CASELLA WASTE SYSTEMS
CAVOSSA DISPOSAL CORPORATION
CHAFFEE COUNTY WASTE - MATERIALS MANAGEMENT CO
CHAMBERSBURG WASTE PAPER
CHEP USA
Cherry City Metals
Chesapeake Waste Vending
Chisago Lakes Sanitation
Chism's Trash Service
CHRIN HAULING
Cimco Recycling Milwaukee
Citrus County Solid Waste
"City of Ada, OK"
"City of Alamosa, CO"
City of Albany Solid Waste Division
"City of Ardmore, OK"
City of Barstow - California
City of Beatrice
City of Big Rapids
City of Blackfoot
City of Claremont
"City of Cleveland, OK"
"City of Comanche, TX"
City of Culver City
City of Daly City
City of Devils Lake
City of Dickinson
City of Great Falls Sanitation
City of Heber Springs
City of Henagar
City of Killeen
City of Laramie
City of Lompoc
City of Nampa
"CITY OF NOGALES, AZ"
"City of North Port, FL"
City of Phoenix
City of Redwood CA
City of Rowlett
City of Schertz
CITY OF SEVIERVILLE
City of Tallahassee
City of Vinita
City of Winfield
CLEAN PORTABLE RESTROOMS
Coastal Environmental Services
"COCKEY'S ENTERPRISES, INC"
COCOLAMUS CREEK DISPOSAL SERVICE
COEUR D'ALENE GARBAGE
Cogent Waste Solutions
College Hunks Hauling Junk - UT
Colorado Iron & Metal Inc.
Common Ground Compost
"Compaction and Recycling Equipment, Inc"
CompostNow Inc.
Continental Recycling Corporation
Cook Maintenance
Coolidge RO
Cornett's Lumber & Hardware
"Corporate Services Consultants, LLC"
"County of DeKalb, GA"
County Waste Systems Inc
CR&R Inc Environmental Services
Cris's Junk Hauling and Services
CRTS - Complete Rural Trash Service
Curbside Waste Inc.
"CWPM, LLC"
"CWS-Conslidated Waste Services of the Triad, Inc"
D & D Refuse
Dan Walker Disposal Service Inc.
"DAN'S SANITATION, INC"
David Hirschberg Steel & Recycling
Davis Disposal
Dean's Clutter and Junk Removal LLC.
"Deep South Sanitation, LLC"
Del's Metal Company
Delta Disposal
"Delta Waste Solutions, LLC"
Dem-Con C&D Landfill/Transfer Station
Derby City Environmental
Desert Valley Disposal
DH Griffin Wrecking
Dirty Dog Hauling
DISPOSAL MANAGEMENT SERVICES
Document Destruction of Virginia
DTG Recycle
"Dumpster Pros, LLC"
Dumpsters Plus LLC
Dumpsters R Us
E. Luke Greene Company Inc
Eagle Equipment Corp
EAGLE ROCK SANITATION
EarthSavers LLC
East Central Kansas Refuse
East Tennessee Junk Away
Eastside Waste Services
Eclipse Waste Management LLC
Ecotech
Ed's Disposal Inc
"EDCO WASTE & RECYCLING SERVICES, INC"
"Efficient Roll-Off & Recycling, Inc"
Emmett Sanitation
EMTERRA ENVIRONMENTAL
Engebretson Sanitary Disposal
ENGMAN DISPOSAL
Evergreen Disposal & Recycling
Express Junk Removal
Express Waste
"Farnsworth Metal Recycling, LLC"
FAYETTE WASTE
Federal Recycling
First Capital Salvage
Fisk Waste Removal Services
Flag Hauling LLC
Flash Trash LLC
Flat Creek Solutions
Florida Waste Solutions
"Forza Safety, LLC"
Freeway Transfer Station
Frontier Waste - McKinney
Garden State Removal Company
Garland County Landfill
Gateway Disposal
George Apkin & Sons
Gerdau Metals Recycling
Gershow Recycling Inc
GFL - Fort Atkinson Transfer Station
GFL Environmental - Mallard Ridge Landfill
GFL Environmental - Southside Transfer Station
GHW Waste Services
Gilton Solid Waste Management
GOLDEN EAGLE TRASH
Green River Waste
Greenleaf Recycling LLC
"Greenway Metal Recycling, Inc"
GREIF - CARAUSTAR RFG - GEORGIA
Greif Recycling RFG Division
1-800-GOT-JUNK National
12th & Haskell Recycle Center
606 Junk Removal
A Clean Portaco
A1 Disposal
A1 Little John Inc
"A1 Waste, LLC"
"AB-8 Waste Solutions, LLC"
"ABC Disposal Services, Inc"
ABS Sanitation
Absco Metals
ACE RECYCLING AND DISPOSAL
Ace Sanitation Service Inc.
"Acme Waste Systems, LLC"
ACP-30 Dumpster Service
Action Welding Inc
Ada County
Affordable Rolloff Container
"Affordable Waste Solutions, LLC"
"AJ Waste Systems, LLC"
Alaska Waste
Albuquerque Bernalillo County
Alco Metals
All Pro Waste Services
"All States Rentals, Inc"
Allgreen Services
Always Buying Scrap
Amador Valley Industries
American Disposal Systems-PA
American Eagle Waste
American Environmental
American Metal and Paper
"American Recycling & Sanitation, Inc"
American Resource Management
American Sanitation Inc.
AMERICAN WASTE
American Waste Transfer Systems LLC
AMWASTE
Anaconda Disposal
Anclote Metal Recycling
Andy Gump Site Services
ANKENY SANITATION
ANYTIME WASTE SYSTEMS
Apex Recycling & Disposal
ARG Disposal
Armstrong Roll-Off
"Atlas Disposal, LLC"
Auriemma Scrap Metal
AW Niagara Falls Landfill - 4215
B & R Sales and Leasing
BALCONES RESOURCES
Basin Disposal - Pasco
BASIN DISPOSAL - WASHINGTON
Bavarian Waste
Bay Area Dumpster Rentals
BAY STATE PALLET CO
Bayou Belle Waste Inc
Bearded Dumpster Rentals
BeastMode Junk Removal
"BENFIELD SANITATION SERVICES, INC"
Berry's Container Service
Best Garbage Service
"Best Way - Burlington, KY"
"BIAGINI WASTE REDUCTION SYSTEMS, INC"
Big Bear Community Services District
Bill Floyd Services
Bliss Environmental
Bloom Services
"Blue Artic Waste Solutions, LLC"
BLUE DIAMOND DISPOSAL
BNC TRASH SERVICES
Bolk Dumpster LLC
"Booth & Son's Scrap Yard, Inc"
Boren Brothers LLC
Boston Baler
Bozzuto Bros.
Bozzuto Refuse Service
Brandon Industrial Parts
BRASK MALL SERVICES I
Break It Down
Breezy Hollow Enterprises LLC
Brookings Dumpster Service
Brownsville-GMS LTD Waste Disposal
Bryant Industries
"BUCKINGHAM COMPANIES, INC"
"BULDO CONTAINER & DISPOSAL SERVICES, INC"
Bulldog Disposal and Recycling
Burrtec - Mountain Disposal CA
"Burrtec Waste Industries, Inc"
Butler Disposal Systems Inc
Byre Brothers Inc
C & M Disposal Inc.
C&C DISPOSAL
"C&C Sanitation, Inc"
C&R DISPOSAL
Caddo Valley Sanitation
California Recyclers Inc
"CALMET SERVICES, INC"
Capital City Refuse
Capital Waste Services - CWS Central TN Hauling
Capital Waste Services-CWS Chattanooga Hauling
CARDS DARDANELLE
"CARDS KS, LLC"
"CARDS MO, LLC"
"Carlo Minuto Carting Company, Inc"
Carriedout
Cedar Grove Recycling
Central Coast Disposal
Central Illinois Disposal
Cheyenne River Sioux Tribe Waste Services
Choctaw County Solid Waste
CIA Salvage
CITY OF BOZEMAN - MONTANA
CITY OF CLEARWATER UTILITY CUSTOMER SERVICE
City of Denton
City of Dickson Public Works - TN
City of Douglasville - Georgia
City of Dumas
City of Durango - CO
City of Dyersburg Gas & Water Department
"City of Fort Smith, AR"
"City of Gainsville, TX"
City of Green River
"City of Hickory, NC"
CITY OF INGLEWOOD
City of Jacksonville FL
"City of Johnson City, TN"
"City of Largo, FL"
"City of Lebanon, KY"
City of Lexington
City of Madera
City of Madisonville Sanitation Dept
City of Olathe
City of Oxford
City of Oxnard CA
City of Porterville
City of Post Falls - Idaho
"City of Quincy, WA"
City of Rainsville Solid Waste - AL
City of Richardson - Texas
City of Ripley
City of Riverton
CITY OF ROCK HILL
"City of Sallisaw, OK"
City of St Petersburg
City of Sulpher Springs
City Of Temple Solid Waste Department
City of Temple Terrace
"City of Tracy, CA"
CITY OF TULLAHOMA
"City of Victorville, CA"
City of Visalia
City of Wasco
City of Watsonville
"City of Wolf Point, MT"
"City Salvage & Recycling, Inc."
"Clackamas Garbage Co., Inc"
CMC Commercial Metals
Coastal Waste & Recycling
Coastal Waste Landfill
Coles County Sanitation & Recycling
Collection Services Inc.
Colonie Landfill
Columbia Containers
Community Disposal
Complete Disposal
Conex Recycling
Connecticut Scrap
Consolidated Pallet Co
Cook Sanitation
Coos Bay Sanitary Service
Countryside Disposal
County of Marion - KY
Cowboy Santiation
Crane Rolloff and Disposal Service
Creekside Landfill
CRESCIO TRUCKING COMPANY
"Crown Waste & Recycling Systems, LLC"
CRR INC
CWD
D & S Portable Toilets LLC
D&G Sanitation
Dan's Dumpster Service
"Demo Salvage, Inc."
Denison Disposal
Devil Dog Dumpster Rental LLC
Dickson Iron and Metal
Dimension
Dirty Boyz Waste Solutions
Discount Dumpster Services
DJ's Junk Removal
Dumpsters on Demand
Dunham Inc
Dynamite Dumpsters
E&T Maintenance
"E.L. Harvey & Sons, Inc."
EAGLE DISPOSAL
Earthwise Waste Solutions
Eco Sanitation
Edco - Ramona Disposal Service
Elite Recycling and Disposal LCC
Elite Roll-Off Solutions LLC
"Elk Run Roll-Off Services, Inc."
Empire Waste
Evergreen Paper Recycling
Excess Disposal
"EZ Disposal Service, Inc."
F AND L CONSTRUCTION INC
Family Trash Service Inc
FC Sanitation
Ferrous Processing & Trading Co
Findlay Pallet Inc.
Floaters Portable Sanitation
Florida Express Environmental
"Fox Works, LLC"
FR Junk Hauling LLC
Franklin Disposal and Roll-Off
Franklin Pallets
Friend's Garbage Service LLC
Frontier Waste -Dayton
"Full Circle Recycling, LLC"
G & H GARBAGE SERVICES
"G-Men Environmental Services, Inc."
Garbarino Disposal
"GARDEN ISLE DISPOSAL, INC"
Gardner Disposal
1-800-Got-Junk
3R Technology
478 Junk
48Forty Solutions
"4th Generation Recycling, Inc."
A&L Iron Metal
"A&S Metals, Inc"
A1 Brantley
A1 DISPOSAL-UTAH
A1 Porta Potty Llc
AAA Disposal
ABC Disposal Systems
"ABC Salvage & Metal, Inc"
ABC Waste Of Savannah
Abrams Scrap Metals
Absolute Waste Services
"Ace Iron & Metals, Inc"
"Action Metal Co, Inc."
Action Trucking Company
Advance Disposal Company
AG Logistics Group
AKAT Scrap Metal
AL Clawson Disposal
Alameda County Industries - San Ramon
ALAMO DISPOSAL
Albert Bros.
Allan Company
"Allen's Scrap Metal, LLC"
Allied Recycling NJ
"Allstate Equipment Services, LLC"
Alpha Dumpsters
Alter Metal Recycling
Alter Metal Recycling - Kingsford
"Always Green Recycling, Inc."
Amazon Business
American Fiber Services LLC
American Reclamation - Los Angeles Dumpster Rental
American Recycling Corporation
American Rentals
Ameriwaste League City
Appalachian Waste Management Llc
Apple Valley Waste
Area Sanitation
Arrow Waste
Arrowaste
Athens Services
"B Green Services, LLC"
Bainbridge Disposal
Baker Sanitary
Baldwin County Solid Waste Authority- AL
"Ball Pipe & Supply, Inc"
Baroni Recycling
Barti Metal Processing
Basin Junk Removal LLC
Becker 360
"Becker Complete Compactor, Inc"
Becker Iron and Metal Inc
Beckley Garbage Disposal
Behr Iron and Metal
Belmont Waste Disposal
Belton Metal Company
Ben Weitsman of Albany
Berman Bros. Inc
Bert Adams Disposal
Bertolotti Disposal
"Best Way - Watervliet, MI"
"Best Way Disposal - Kalamazoo, MI"
Better Choice Grease Trap Pumping
Big Blue Dumpster
"Bin Junky Removal Service, LLC"
Bin There Dump That of Memphis
Black Earth Compost
Blackhawk Waste
Blue Hen Disposal
"Blue Moon Port A Pot, Llc"
Bluegrass Junk Removal
Bluegrass Recycle
Bluff City Waste Services
Bobby's Trash Service
BOWER DISPOSAL
Brask Enterprises
"Brask Enterprises, Inc. II"
"Brew Crew Environmental, LLC"
Bright Disposal
Bright Star Equipment
Brothers Disposal
Buchanan County Sanitation Dept
"Bud's Clean Up Service, inc"
BudgetShred LLC
Burrtec Waste & Recycling - Palm Desert Area
Burrtec Waste - Town of Apple Valley
Burrtec Waste Industries - Coachella
Burrtec Waste-San Bernardino
BVR Waste & Recycling
"C&C Disposal, LLC"
C&C Portables
C&C Services
C&W Portables
C. Stoneham Inc
Canyonlands Solid Waste Authority
Capital Area Refuse
Capital Recycle
CAPITAL WASTE SERVICES - CWS SC
"Caribbean Fibres, Inc DBA Recycle Capital"
Celina Recycling Center LLC
Centre Water Works
Charleston Steel & Metal Co
Charlie's Waste Services
CheckSammy
Chipleys
Choice Waste Services of Central Virginia
CHRIS RIZZO TRUCKING INC
CitiShred
City and Lakes Disposal
City of Angleton
City of Arkadelphia
City of Aztec
"City of Baxley, GA"
City of Billings - Montana
City of Boynton Beach Solid Waste
"CITY OF CASPER, WY"
City of Cheyenne - Wyoming
City of Colby - KS
City of Columbia
City of Cookeville
"City of Craig, CO"
City of Deerfield Beach
City of Del Rio
City of Douglas Arizona
City of Durant
City of Eagle Pass
City of Fergus Falls
City of Flagstaff
City of Fort Payne Special Sanitation Services
City of Grand Junction
City Of Grand Prairie
CITY OF GREENEVILLE
City of Harlingen
"CITY OF HOBBS, NM"
City of Jackson
City of Jacksonville
"City of Jasper, AL"
City of Ketchikan Alaska
"City of Lamar, CO"
"City of Las Cruces, NM"
City of Lawrence
"City of Lewiston, ID"
"City of London, OH"
City of McAllen
City of McDonough - GA
City of Meridian
City of Mesa
City of Mesquite TX
City of Mountain Iron
"City of North Las Vegas, NV"
City of Oakland Park FL
City of Pleasanton
City of RED WING
City of Rexburg
City of Rolla
City of Santa Barbara
City of Sherman
City of Sidney
"City of Socorro, NM"
City of St. Anthony
"City of Sunnyvale, CA"
City of Tampa
"CITY OF TUCSON, AZ"
City of Tulare
City of Tyler
City of Upper Sandusky
City of Waco
City of Willcox
City of Williston ND
"City of Yuma, CO"
City Scrap & Salvage
"CITY WASTE, LLP"
Civicorps
Clean Way Waste Services
Clear Creek Disposal
ClearHitch Rentals
Cleeton Sanitation Service
Cloquet Sanitary Services
CMC Recycling
CMS Logistics
Coastal Compaction
Coastal Waste Services
Colmenero's Pallets
Columbia County Solid Waste
Commercial Waste Reduction & Recycling
Community Disposal Service
Compactor Rentals of America - Repair
Complete Solutions & Sourcing
Consolidated Scrap Resources
Contero Recycling
Contractor's Disposal Inc.
"Control Waste Services, LLC"
COPPER STATE SANITATION
Countrywide Sanitation
County Hauling
County of Manatee Utilities Dept
Cox Disposal
Cram-A-Lot
"Craven Ag Services, Inc"
Cressman Sanitation
CRI-Curbside Rolloff Inc
CWS - Chattnooga Hauling
"CWSI - Controlled Waste Systems, Inc."
D & S Waste Removal
Dallas Recycling
Dan's R Us Sanitation
David Recycling
"DAVID'S TRASH SERVICE, INC"
Dayne's Waste Disposal
DC Metals
"DC Waste & Recycling, Inc"
Denali Refuse
Denali Water - Organix Recycling
Denver Metal Recycling
Detroit Dumpster
DFW Metals
Dillon Disposal Services
"Direct Wood Products, Inc."
"DirtWorx JunkWorx, LLC"
"Disposal Services, LLC"
Ditch & Associates
Ditch It Junk Removal
Dodd's Trash Hauling and Recycling Inc.
Doll's Disposal
Douglas Disposal Inc
DSC Sanitation & Recycling Service
Dugger Trash Service
"Dumes, Inc."
Durflinger Disposal Service
121 Disposal Company
"1st Class Trash, LLC"
2S Roll Off Service
"A Team Disposal, LLC"
"A&A Iron and Metals DBA A & A Truck Parts, Inc"
A&A TRUCK PARTS INC
A&I Palletts LLC
"A&L Compaction, LLC"
"A&W Iron & Metal, Inc"
A1 INDUSTRIAL MAINTENANCE
A1 Transfer & Recycling Inc
Aaron Metals
"ABSOLUTE RECYCLING CONTRACTORS, LLC"
Absolute Services
ABSOLUTE WASTE REMOVAL
Abyss Rising
Ace Equipment Company
ACE Recycling Disposal
ACE WASTE SYSTEMS
Aces Disposal Services - Emler Buchta Trucking
Acme Iron and Metal
Active Waste Solutions
Adaptec Solutions
Advance Machine & Hydraulic
Advantage Metals Recycling
"Agri-Cycle Energy, LLC"
AIKEN REFUSE
Air Capital Waste
"AJ Pallet, LLC"
AJ's Hauling
Algar
All American Recycling
"All Recycling, Inc."
All Star Rolloff & Porta-Toilets
All States Mall Services
"Allied Recycling Center, Inc"
"Aloha Waste Systems, Inc"
Alter Trading
AM DIsposal
American Disposal Services
American Steel Processing
Ana's Dumpster Rental
Anchor Technical
"Anco Sanitation Systems, Inc"
Appalachian Waste Management - NC
Arcadiana Waste Services
Armor Environmental
Arrow Disposal
Arrowhead Waste Services
"Aspen Waste Systems of Missouri, Inc"
Atlantic Iron & Metal
Atlantic Waste Services
AUSTEX DUMPSTERS
Austin Metal & Iron
Automated Waste Services
Ava's Waste Removal
B.C. Waste Free- Boulder City NV
"Bakersfield Recycling Services, Inc."
Barela Junk Removal
Basin Haulage
Beacon Metal Co
BENNETT CONSTRUCTION
"Best Way - Indianapolis, IN"
BFI Waste Services
Big B Waste Services
Big Bear Disposal
Big Reds Dumpster Rental
Big River Disposal MO
"Big's Sanitation, Inc"
Birmingham Recycling Recovery
BKI RECYCLING
Blue Bay Dumpsters & Recycling Inc.
Blue Moon Sanitation
BnB Disposal LLC
Borowide Recycling
Brandt's Sanitary Service Inc.
Bridge City Sanitation LLC- Commercial Sanitation
Brookfield Resource Management
Bubba's Junk Removal
Budget Dumpster
BURGMEIER'S HAULING INC
Burrtec Waste-Jurupa Valley-Riverside
Burrtec Waste-Yucca Valley
Busby Junk Removal
Business Services Hawaii
Busy Bee Disposal
C&B Sanitary Services
C&D Disposal
C&S Disposal
CAL-WASTE
CALIFORNIA WASTE RECOVERY SYSTEMS LLC
Camden Iron & Metal
Canusa Hershman
Capital Waste Services - Dalton GA
Caraustar/Greif
Carrier Container Company
Casella - National
Cedar Grove
Centennial Park Disposal
Central Kentucky Hauling Llc
Central Recycling Services
"Central Texas Refuse, LLC"
Central Valley Disposal
"CERTIFIED ENTERPRISES, INC"
Chilo's Pallets LLC
Cimco Resources
Circle J Roll Offs
"Circle Sanitation, Inc"
City eWaste
City of Ann Arbor
City of Ashton
CITY OF ATHENS
City of Bakersfield
City Of Bardstown
"City of Boise, ID"
"City of Borger, TX"
City of Buford
City of Caldwell
City of Cartersville Solid Waste
City of Columbia Solid Waste
"City of Conyers, GA"
City of Daytona Beach
City of Emporia
City of Enumclaw
City of Fargo
"City of Fayette, AL"
City of Foley
"City of Fort Myers, FL"
CITY OF GARDEN CITY - ID
"City of Griffin, GA"
City of Guymon
"City of Hidalgo, TX"
City of Hohenwald
CIty of Huron Solid Waste Department
City of Kirkland WA
City of Lake Mary
City of Lakeland Utility
"City of Loganville, GA"
City of Lordsburg
City of Lufkin
City of Mont Belvieu TX
City of Mount Vernon WA
City of Naples Solid Waste Department
City of North Richland Hills TX
City of Pembroke Pines Utilities Dept. - Florida
City of Pikeville
City of Richmond Indiana
City of Scottsbluff
City of Sierra Vista
"City of Snellville, GA"
City of Somerset
City of Tacoma Public Utilities
City of Windcrest TX
City Sanitary Service
City Waste Services of New York
Clarks Disposal
Clay County Tax Office
Clean Slate Services
Cliffs Commercial Trash Service
"Coburg Sanitary Service, Inc"
Cohen Recycling
Columbia Sanitary
Commercial Sanitation
Commonwealth Waste Solutions
Community Sanitation
Compactor Rentals of America
Confab
"Conigliaro Industries, Inc"
Consolidated Disposal Services Inc
Container Rental Company Inc
Contento Demolition
Cottage Grove Garbage Service Inc.
County of Dooly Solid Waste
CPM Recycling Services Inc
Creative Waste Solutions
"CRHC Freedom Metals, LLC"
CRP Sanitation Inc
"Cumberland Services, LLC"
Curbside Services Inc.
CWD - Community Waste Disposal
CWS-SC WASTE
"Cyclone Services, Inc"
Cyclyx International LLC
"D&D Trash Service, Inc"
Dallas/Fort Worth International Airport Board
Darling Ingredients
Darob Inc
Dash Mobile Storage
"Davis Septics & Backhoe, Inc"
Dedicated Dumpster Service
Deerfield Beach
Delta Garbage Service
Dependable Sanitation Inc
Desert Green Disposal and Industrial
Detroit Disposal
DIAMOND K INC
Diamond Rentals Inc
Direct Waste Services
DTX Dumpsters
"DuMontelle Waste, LLC"
Dumpsters and Drywall
"Earthbound Environmental Solutions, LLC"
Eastern Waste & Recycling
Econo Waste Inc
EcoSouth Services
Edco - Park Disposal
Elite Dumpster Rentals
Emfinger Steel Company Inc
Empire Recycling Corporation
EMR Camden Scrap Metal
Encore Theater Partners LLC
ENVIROMAX RECYCLING
EOMS RECYCLING
"Equipment Enterprises, LLC"
Eric Combs Maintenance
Expert Transportation - Land O Lakes Recycling
FABIO ENTERPRISES
FCC Environmental Services
FER
FER Inc
"Ferrell's Disposal Service, LLC"
FIRST PIEDMONT
Five Star Roll Off LLC
Five Star Waste
Flood Brothers
"Foss Recycling, Inc / Renew Recycling"
"FPT Cleveland, LLC"
Friedman's Recycling
Garrison Disposal Company
Gateway Recycling & Waste Reduction Inc
General Waste Removal Inc dba General Alloys Inc
Geodom Carting Corporation
George's Salvage Company
GERBER'S INC
"Get Cycled, Inc."
GFL Environmental
GIL'S SANITATION
Goff's Junk Removal
GOLDEN ENVIRONMENTAL
Good's Disposal Service
Gotta Go Dumpster Service LLC
Grand Rapids Iron & Metal
Granite Mountain Haulers
Great Lakes Recycling
"Green Guys Recycling Solutions, LLC"
Green Planet 21 - AZ
Green Planet 21 - NV
Green State Metals LLC
Green Zone Metal Recycling
Greenway Waste Solutions
Greg's Hauling
Gunnison UT FHC
H & H Sanitation & Recycling
H.E.R. Trucking
"HART SANITATION, INC"
Harter's Fox Valley Disposal
Harvey Waste and Recycling
Haul Away Rubbish
Haul It Guys
Heavy Metal Recyling Inc
Hensley Disposal Services
Hill Country Waste Solutions
Hill's Sanitation Service
Hillside Trash
Himco Waste Away Services
"Home Town Disposal, LLC"
Hometown Waste Services
Hopkinsville Solid Waste Authority
Hopper Disposal
Horry County Solid Waste Authority
Hudson Waste
Hughes Trash Removal
Hughes Waste Haulers
Independence County Trash Collection
Industrial Refuse Service
Interstate Waste Services
IROW
IV Waste LLC
J & S Trash
J&T Environmental Fleet Services
J.R.'S Advanced Recyclers
Jackson Extraction
Jazme LLC/DBA Alliance Recycling
JDog Junk Removal
Jennings County Pallets
Jet-A-Way Waste Services
JETTISON ENVIRONMENTAL
John's Disposal Services
Josh's Dumpsters
JSI Transfer Station
Junk Deal
Junk GoGo
"Junk King Boise,  ID"
Junk King Milwaukee
Junk King Salt Lake City
Junk Rhino
Junksternaut
Kaibab Band of Paiute Indians
Key Works
Kirby Sanitation
KMG HAULING INC
Kohlmorgan Hauling
KOOTENAI COUNTY SOLID WASTE
KOPCHO SANITATION
"Kral Scrap Metal, Inc"
Lake City Hauling
LAKESHORE RECYCLING SYSTEMS
Lakeshore Recycling Systems - AR
Lakeshore Rolloff and Demolition
Lance Refuse Services
Largents Pallets
LaxJunk123.com DBA Troy Wentzel
LEMHI SANITATION
Lewis Waste Disposal Service
Liberty Disposal - OK
Lincoln County NV Solid Waste
Little Guys Trash Co.
LJ Junk Away
Local Waste of Upstate
Lollar Junk Removal
Lone Grove Trust Authority
Long Prairie Sanitation
"Loren's Sanitation & Recycling, Inc"
LUSK DISPOSAL SERVICE
Luxury Restroom Trailers by Privy Chambers
M&M Disposal
Mackenzie Disposal
Madison Materials
Maharg
Main Street Fibers
MARATHON EQUIPMENT COMPANY
Marathon Garbage Service Inc
Marathon Wood Products Inc.
Marborg Industries
MARCK RECYCLING AND WASTE
Marin Resource Recovery Center
Mark II Transfer Station
Marshalls Disposal
Martins trash service
Mazza Scrap
"MBI-Mr. Bult's, Inc"
McCoy Iron & Metal
MCE Garbage & Recycling LLC
MCF Environmental Services
MCS Midwest
MDI - Mark Dunning Industries Inc
Mecham's Country Garbage
Mendo Junk Removal
Meridian Waste-Georgia
Meridian Waste-Knoxville Hauling
Meridian Waste-North Carolina
Meridian Waste-Virginia
"METALPRO, INC"
Michiana Recycling & Disposal
Mid Carolina Steel and Recycling
Mid-Florida Recycling Services
MIEDEMA SANITATION
Miller Waste Services
Mills Brothers Barbourville
Missouri Metals Recycling
Mogford Metals
Molalla Sanitary Services Inc.
Monster Roll Off Services
MONTEREY CITY DISPOSAL INC
Moon Companies
Moonshot Compost
Moring Disposal Inc
"MR&E, Inc"
MT. DIABLO RESOURCE RECOVERY
Municipality of Anchorage SWS
Murtha Sanitation
My Green Michigan
Native Dynamics Sanitation
NC Pallet Recycling LLC
Nelson County Solid Waste Disposal
New Bedford Waste Services-Rochester
Newco Metals
Nexus Disposal
Niagara Falls Landfill
Nisswa Sanitation
"NITTI SANITATION, INC"
NK Waste Inc. & Recycling
"NLR, Inc"
Nooksack Valley Disposal & Recycling Inc
"Norris C. Sanitation, LLC"
North Florida Roll Off
North Lincoln Sanitary Service
North Logan City
Northeast Industrial Manufacturing Inc
"Oak Hill Garbage Disposal, Inc."
Odoms Junk Removal
Okon Metals Inc
Olson Sanitation
Omega Waste Management Inc
Overtons Recycling
Ozark Disposal Company
Pacific Sanitation Inc.
"Pacific Waste, Inc"
PADNOS Recycling & Scrap
Paducah KY Utility
Panzarella Waste & Recycling Services
"PASCON, LLC"
PATRIOT DISPOSAL
Patterson Sanitation
Pederson Sanitation & Recycling
Pen Mar Recycle Co Inc
Pendleton Sanitary
Phoenix Scrap Metals
Pike County Solid Waste Department
Pilot Waste Solutions
Pine Knot Lumber Inc
Pink Hills Acres
"PINTO SERVICE, INC"
"Plan It Waste & Recyclng, Inc"
Platform Waste Solutions LLC
Pleasant Paper Recycling Inc. DBA Conford Recycling Center
PMF Rentals
Post Disposal
Power Knot LLC
Prairie Waste Solutions
Pratt Recycling Inc
Premier Waste LLC
Prestige Disposal
Prime Dumpsters
Priority Waste MI
Pro Disposal
Pro Disposal Inc
PRO WASTE SERVICES
Providence City
Pryor Wasste & Recycling LLC
PTR Baler and Compactor Company
PULASKI COUNTY PUBLIC SERVICE AUTHORITY
Pullman Disposal Service
R Local Sanitation LLC
"R&R Recycling, Inc"
R&W container
Rakestraw Sanitation
Re-Energy Roxbury
Recology Eel River
Recology-Cleanscapes
RECOLOGY-GOLDEN GATE
Recology-Yubba-Sutter
Red Ball Recycling
Redbox+ of Cincinnati
REDBOX+ OF KANSAS CITY NORTHLAND
Redfish Recycling
Reliable Recycling Services
Republic Serivces Old Dominion Transfer Station
Republic Services #035
Republic Services #094
Republic Services #455
Republic Services #645
Republic Services #654
Republic Services #690
"GTX Waste, LLC dba Gainsborough Waste Services"
H20 Waste
Hale County Solid Waste - AL
Harding Metals
Harter's Disposal of MN
Harter's Quick Clean Up
HAUL AWAY SERVICES
Haulin Balls LLC
Heiberg Garbage & Recycling
Henry Fligeltaub Company
Hepaco
Herbert Emery Sanitation LLC
"HIGHLAND SANITATION & RECYCLING, INC."
Hilltopper Refuse and Recycling Service Inc
Hiltz Waste Disposal
"Hoss Disposal, Inc"
Hough Inc
Houston Waste Services - FCC Environmental
Houston Waste Solutions
"HRH Metals, Inc"
"Ideal Trash & Recycling, LLC"
IEM Inc
Impact Environmental Group
"Industrial Metal Recycling, Inc."
Industrial Services Inc
INDUSTRIAL WASTE AND SALVAGE
"Infinite Disposal, LLC"
Ingrum Waste Disposal
Inland Mobile Recycling
Innovative Trash Service
Intermountain Disposal - Portola
Intermountain Disposal - Sierra Division
Island Disposal Company
J & Jay Services
J.P. Mascaro
J.R. Vinagro Recycling
J.V. Manufacturing Inc
Jackson County Solid Waste - AL
Jay Mecham's Country Garbage
Jim's Sanitation & Truck Repair
JJ's Waste & Recycling
JLT Trucking
JM Hauling & Junk Disposal LLC
JOCHUM REFUSE
Joe's Organics
John Blewett Inc 5331
Joseph J. Brunner Inc
Joseph Smith & Sons Inc.
Junk Authority Hawaii LLC
Junk Be Gone
Junk Fellas
Junk King Foresthill CA
Junk King Gilbert
Junk King Green Bay - Appleton
Junk King Minneapolis
Junk King Rhode Island
Junk King Sacramento
Junk King Sarasota FL
Junk Masters
Junk Pros Moving & Junk Removal
"Junk Removal Service KY, LLC"
JunkAppliance.com
K-Town Disposal
Kaysville City
KC DISPOSAL
"Kept Companies, Inc."
Kienbaum Iron & Metal
KMELL Construction
Knight's Outhouses
KOZAK Hauling and Junk Removal
Kramars Iron & Metal
"L&L Site Services, Inc."
Lakeshore Recycling MN
Lexington-Fayette Urban County Government
"Liberty Ashes, Inc"
LIBERTY DISPOSAL - AZ
Liberty Waste & Recycling Inc.
Lightning Disposal Inc
Little Big Dump
Live Oak Waste
LJP Waste Solutions
LoadUp
LoadUp Junk Removal
Local Waste Services
LOGAN CITY ENVIRONMENTAL
Long Beach Container Company CA
Long Island Waste Services
Louisiana Waste Systems
LRS - Jackson Disposal
Luxurious Restrooms
M&M Puget Sound Enterprises LLC
Madras Sanitary Services
"Magenta Construction Services, Inc."
Marangi Disposal
MARIN SANITARY SERVICE
Marion County Solid Waste - AL
Mark Gray Enterprises
MARPAN SUPPLY CO
Martin Envionmental Services Inc
Marvin Junk Removal
Maverick Waste Systems
MaxShred
McDowell & Sons Inc.
MDS
Mercado's Dumpster Service
Meridian Waste - Huntsville Hauling
Metro Metals
Metro Metals Northwest Inc
Mid-Carolina Steel & Recycling
Mid-Nebraska Disposal Inc
Midwest Sanitation & Recycling
Mike's Hauling and Demolition
Mike's Rubbish and Recycling
Miller & Sons Disposal Service
Minnkota Recycling
Missoula Compost
"Modern Metals Recycling, LLC"
MOSDELL SANITATION
Mr. Reliable LLC
MSJS Recycling
MUNICIPAL EQUIPMENT INC
NASA SERVICES
Neiderer Sanitation LLC
"Niederhaus Refuse, Inc"
Niese Hauling
Noble Environmental
North Baldwin Utilities/City of Bay Minette
North Sanpete Disposal Service
Northern Metal Recycling
Northern Waste
Northridge Maintenance Service
Norton Equipment Co
NW Dumpsters
Ohio Valley Waste Service Inc
Opdenaker Trash Service
Orange County Recycling Cooperative
Oregon City Garbage Company
"Oregon Recycling, LLC"
Orlando Recycling
Oscar Winski Company
Ottawa Disposal
Ottawa Sanitation Services
Paintsville KY Utilities
Parish Disposal IND
Pecco
Penn Ohio Waste
Penn Waste PGH
Piney Woods
Pitsch Sanitary Landfill
Pluffmud Recycling
Plum Creek Environmental Technologies Llc
Ponca City Utility Authority
Pop and Son Trucking
Porter Trash Service
Powell Sanitation
Premier Disposal Illinois
Premier Junk Movers
Pro Junk Dispatch
Pyles Demolition
QUALITY WASTE
"R&M Recycling, Inc"
R&S Waste Disposal
Rahn Sanitary
Raimo Scrap Iron and Metal
Rapid Removal Disposal
Recology Ashland
Recology of the Coast
Recology Western Oregon Waste
RECOLOGY-DEL NORTE
RECOLOGY-HUMBOLDT COUNTY
RECOLOGY-KING COUNTY-WASHINGTON
Recology-Portland
Recology-San Mateo
Recycle Away Systems & Solutions
REDBOX + Dumpsters of North NE Houston
Redbox+ Dumpsters of NE Denver
Redbox+ of Southeast Wisconsin
REDCO RECYCLING
Reed Maintenance Services
"Reid Metals, Inc"
Reliable Paper Recycling Inc.
Reliable Sanitation Service
Renew Recycling of Kingsport
Republic Services
Republic Services #165
REPUBLIC SERVICES #633
Republic Services #694
Republic Services #842
Republic Services #874
Republic Services #889
Republic Services #993
Republic Services Anaheim Transfer/Cvt Recycling
Republic Services Apache Junction Landfill
Republic Services Chandler Transfer Station
Republic Services Lee Transfer Station
Republic Services Southeast Landfill
Republic Services West Contra Costa Landfill
Rhino Waste & Recycling Inc.
River Metals Recycling
Riverbend Recycling
Riverside Alabama Garbage Service
RMR - Louisville
RMR - Memphis
Robertson Metal Recycling
Rochester Iron and Metal
Rocky Mountain Recycling
Rocky Mountain Recycling - CO
"Roll-Off Chick, LLC."
Roller Industrial
Royal Sanitation LLC
Rumpke
Russell Reid
Rutledge Disposal Services LLC
"SA Recycling - Yuma, AZ"
SA Recycling – Balch Springs 438
SA Recycling LLC
Safe Junk Removval
"Sage Disposal, LLC"
Sahd Metal Recycling
Same Day Dumpsters
Sanitation One
Scraps Mile High
Seaside Waste Services
Secrest Disposal Co.
Republic Services #758
Republic Services #795
Republic Services #845
Republic Services #884
Republic Services #915
Republic Services #930
Republic Services 623 Landfill
Republic Services Bfi Foothills Landfill
Republic Services Cave Creek Transfer Station
Republic Services Germann Transfer Station
Republic Services Mauldin Transfer Station
Republic Services Northwest Transfer Station
Republic Services of Idaho
RES
Revolution Recycling
Rich County Sanitation
RICHARDSON WASTE REMOVAL
Rio Grande Waste Services
River City Shredding - Chattanooga Paper Shredding
River Parish Disposal Llc
Riverside Disposal
RMR - Atlanta
Roberts Enterprise
Robinson Iron & Metal
Rockwood Solid Waste
Rocky Ridge Waste Solutions
Roll Off Dumpster Direct
Roosevelt City
"RPJ Waste Services, Inc."
Russell County Alabama Sanitation
"S&S Metals, Inc"
S&S Sanitation
"S.Letvin & Son, Inc."
Sabel Steel Scrap Recycling
Salvage Movers LLC
Sander Sanitation Service
Sanitary Service Company
SANTA CRUZ MUNICIPAL UTILITIES
SBC Waste Solutions Inc
Schnitzer Metals - Woodinville
Scrap Metals Inc
"Scrap-It, Inc."
Setters Septic Tank Service
SGS LLC DBA Carroll Refuse Service
Shawnee County Solid Waste
Shular's Trash Service
Signature Dumpster Rentals
Silverback Haulers LLC
Site Services of America
"SkyHook, LLC"
Smash My Trash Greenville
Snake River Dispose-All
SOLID WASTE SSD1
"Sonoco Recycling - Richmond, VA"
"Sonoco Recycling, LLC - Hartsville, SC"
"Sorce Services, LLC - Waukesha"
South Plains Waste Services
South Shore Disposal
Southeast Waste Disposal - SWD
"Southern Disposal, Inc.- City"
Southern Sanitation
Southland Disposal
Stafford Solid Waste
Stamie E. Lyttle Co
STANDARD WASTE SERVICES
Stanphill Sanitation LLC
Star Waste Systems
Stericycle
Stoneway Concrete
STYRO RECYCLE LLC
Sunny's Trash Hauling
Sunrise Disposal Services
"Sunset Garbage Collection, Inc"
Swatco Sanitary Services Inc.
Swift River Landfill
T & S Trash Service
T-Mac Solid Waste & Roll-Off Services
Talon Sanitation Services
TBS Waste LLC
Tennis Sanitation
Texas Disposal
Texas Pride
TFC - TIDEWATER FIBRE COMPANY
The Dumpster Company
The PennOhio Corporation
The Recycling Center at Lake City
Thomas Refuse
TIGER TRASH
TLT Service LLC
Tomahawk Disposal
Total Reclaim
Total Waste
Total Waste Management
"Town of Jordan, MT"
Town of Wheatland
TR Waste Solutions
"TRASH CONTROL, INC"
Trash Eaters LLC
"Trash Kans, LLC"
Tri-City Recycling
Tri-State Disposal
Triple H Disposal
TRIPLE H ENTERPRISES
Tucson Iron & Metal
Tucson Recycling & Waste Services
Two Men and a Junk Truck
Ultimate Dumpsters
United Metals Recycling
United Rentals
United States Disposal Service
"United Waste Haulers of Tennessee, LLC"
United Waste Systems
Upper Okanogan Valley Disposal
Uribe Refuse Services
USA Waste & Recycling
"Varner Bros., Inc"
"Virgin Valley Disposal, Inc"
VLS Environmental Solutions
VOGEL DISPOSAL SERVICE
Wadena Hide and Fur
"Walters Sanitary Service, Inc"
Wampler's Disposal Service & Recycling
Wasatch Integrated Waste Management District
Waste Connections - Alaska Waste Juneau 2436
Waste Connections - Arts Garbage Service
Waste Connections - Bay Disposal - District 6313
Waste Connections - Bayou 6136
Waste Connections - Colorado Dist# 5316
Waste Connections - Colorado Springs - Dist 5315
Waste Connections - County Trans & Recycling
Waste Connections - County Waste - Clifton Park
Waste Connections - Cumberland 6033
Waste Connections - D.M. Disposal & Recycling
Waste Connections - Empire Disposal
WASTE CONNECTIONS - EVERGREEN DISPOSAL
Waste Connections - Florida
Waste Connections - Gill Hauling Inc.
Waste Connections - Hudson Garbage Company
Waste Connections - Island Disposal Inc. Dist 2144
Waste Connections - Lone Star 5186
Waste Connections - Mason County Garbage Co 2149
Waste Connections - Missouri 6091
Waste Connections - NC 6111
Waste Connections - Novak Sanitary Service 3031
Waste Connections - Orlando Hauling 6460
Waste Connections - Pahrump Valley Disposal Inc
Waste Connections - Pierce County Refuse
Waste Connections - Pompano Beach 6940
Waste Connections - Queen City Disposal 6034
Waste Connections - Redwood Waste Solutions
Waste Connections - Rio Grande Valley
Waste Connections - Road Runner Waste Services
Waste Connections - Sanitary Disposal
Waste Connections - Schaap Sanitation 3061
Waste Connections - Schenectady Transfer Station
Waste Connections - Scott Waste Services 6052
Waste Connections - Sedalia Landfill
Waste Connections - South Carolina 6120
Waste Connections - Stafford Solid Waste Services
Waste Connections - Tampa
Waste Connections - Team Waste
Waste Connections - Texas Dallas
Waste Connections - The Dalles Disposal
Waste Connections - Washington
Waste Connections - Waxahachie
Waste Connections - Wyoming Waste 3025
"Waste Connections – AJ Blosenski, Inc"
Waste Connections – Pacific Disposal - Lemay Inc
Waste Connections – Shenandoah Sanitation
Waste Connections of Northwest Texas
"Waste Disposal, LLC"
Waste Innovations
Waste Management - Aslip Transfer Station
Waste Management - Chafee Landfill
Waste Management - Crystal Lake Transfer Station
Waste Management - DADs Landfill
Waste Management - Deer Valley Transfer Station
Waste Management - East Oak RDF
Waste Management - Evergreen Landfill
Waste Management - Gateway Transfer Station
Waste Management - Johnson County Landfill
Waste Management - Madison Prairie Landfill
Waste Management - Maryland
Waste Management - Missouri
Waste Management - Outer Loop RDF
Waste Management - Plant Atkinson
Waste Management - Quarry Landfill
Waste Management - Recycle America
Waste Management - Rivera Beach Transfer Station
Waste Management - St. Louis - Metro TS
Waste Management - Stockbridge Transfer Station
Dynamic Waste Company
Dyrel's Junk Removal
E. J. Harrison & Sons
East Coast Paper
East Texas Junk Removal
Ecosouth Services of Mobile LLC
Ed Burris Disposal Service LLC
Edco - Fallbrook Waste & Recycling
Edco Disposal - Lemon Grove
Edge Waste
"Edward Arnold Scrap Processors, Inc"
"Edward Milnor, Jr."
ELY DISPOSAL
Emery County Sanitation
EMR New Castle
Environmental Recycling & Disposal
EPER Group
ERTH Systems Shredding
Escondido Disposal
Estes Waste Solutions
Ewles Materials
Express Disposal & Recycling
Filco Carting Corporation
Finocchio Brothers Inc
FleetGenius LLC
Food To Power
Forever Clean Site Services
Fritz Enterprises
Frontier Waste - San Antonio
Furniture Freaks
G2 Revolution
GARDEN STATE WASTE MANAGEMENT
Garland County Solid Waste
Gauthier Trucking
"Gear For Waste, LLC"
Geaux Throw Waste Management
Georgetown Paper Stock
GFL
GFL - Bunn Box
GFL - High Point Landfill
GFL Environmental - Detroit
Gibson Truck Service LLC
Gladstone Disposal Company
Glendale City
Golden Coast Dumpster Enterprises
Golden Triangle Waste
Goode Companies
Granite Disposal
GreaseMan Services Of The Queen City Inc.
GREAT AMERICAN DISPOSAL COMPANY
Great Waste & Recycling Services
Green Guy Recycling
GREENBRIER VALLEY SOLID WASTE
GreenWaste
Gregco Recycling Inc
Greif - Caraustar RFG - Nashville
Grizzly Disposal & Recycling
Guido's Services Inc
Gulf Coast Containers
"Hamilton Alliance, Inc"
Hamilton Recycling and Disposal
Happen Ventures LLC
Happy Can Disposal
Hardy Road Transfer Station
Harley Hollan Companies
Harter's Expert Disposal
"HARTER'S TRASH & RECYCLING, INC"
Hauling All Metal
Hawaii Junk Removal
"Heartland Waste Management, Inc"
Heitsche Dumpsters
Helgerson Property Management
"Hercules Dumpster Rentals, LLC"
Hocking Valley Dumpsters
Home & Business Services Ace
HOMETOWN DISPOSAL - PENNSYLVANIA
Hometown Disposal Inc
Hometown Hauling
HONOLULU DISPOSAL SERVICE
Horizon Disposal Services
"Horn Sanitation, Inc"
Hotchkiss Disposal
Houston Waste Services
HOWARD DISPOSAL
Hughes & Sons Inc
HUGILL SANITATION
Humpty Dumpsters
Idaho Falls Utilities - City of Idaho Falls
IDAWY Solid Waste District Bear Lake Region
Indiana Waste Service
Integrity Recycling and Waste Solutions
J & R Sanitation LLC
"J&B Disposal, Inc"
J&M Sanitation
"Jakes Dumpsters, LLC"
JAMAICA ASH RUBBISH REMOVAL CO
JD Parker & Sons
JFR Salvage
Jim's Liquid Waste Hauling
John's Disposal Roll-Off & Trash Services
Jons Refuse Solutions Inc.
Junk B Gone
Junk Bee Gone LLC
Junk King Jacksonville
Junk King Louisville
Junk King Mesa
Junk King Orlando
Junk King Stockton
Junk King Tucson
Junk Ready Junk Removal
Junkluggers of Greater NW Indiana
K&K Industrial Services Inc.
K. Brooks Junk Removal
Kadinger's Inc
Kamps Inc
Kana'i's Junk Removal
Ken's Sanitation
Kent County Department of Public Works
Kentucky Sanitation Services
Key's Sanitary Services
Kimmel Scrap Iron & Metal
King Hawk Enterprises LLC
Kings RollOff Services
Klein Recycling
Klumm Bros Waste Solutions LLC
Knighthorst Shredding Llc
KURTZ SANITATION INC
L Mora Hauling
Lake Area Disposal
Lake Disposal Service of Northern Ohio
Lakeland Disposal & Recycling
Larry D. Marshall Disposal Inc
"LAS VEGAS RECYCLING, INC"
Lawrence County Solid Waste - Alabama
Lawrence County Solid Waste Service
LAWRENCE WASTE SERVICES CORP
Leder Brothers
Lee Mechanical
Lexington Computer Recycling
Liberty County Solid Waste
Liberty Waste Solutions
Live Oak Environmental LLC
LK Specialties LLC
Lloyd's Constuction Transfer Station
Local Sanitation
Local Waste Solution
Loren Fisher Disposal
Loudoun County Solid Waste Management
Louisiana Scrap Metal
LRS
M MASSARI & SONS DISPOSAL SERVICES
M&B Contracting
MA Sanitation Inc
Madden Sanitation Inc
Marion Utilities
"Marko Metals, Inc"
Markwell Fasteners
McLemore's Garbage Service
MERIDIAN WASTE
Meridian Waste - Eco Waste Services
Mervis Recycling
Metalico-Syracuse
Metro Green Transfer Station
Miami Waste Paper Co Inc
Miamitown Auto Parts & Recycling
Mid Florida Portable Toilet Services
Mid South Waste Disposal
Middleboro Recycling
Midwest Disposal LLC
MILES CITY SANITATION
Mobile Mini Solutions
Mobile Modular Portable Storage
Modern Disposal Services
MODERN WASTE SYSTEMS
MOUNTAIN STATE WASTE
"Mulberry Ventures, LLC"
Murray Sanitation
Myers Container Service Corp
"Napa Recycling & Waste Services, LLC"
"National Equipment Solutions, LP"
New River Recycling Inc.
"Nicholas Sanitation, Inc"
Nisly Brothers Trash Service
Noble County
"North Conway Incinerator Service, Inc."
North Country Disposal
NowRush Recycling Solutions
Oak Disposal Services
"OGBORNE HAULING, INC"
Olcese Waste Services
Old West Disposal
"Olympic Compactor Rentals, Inc"
Olympic IV Mall Services
OmniSource Recycling
Ontario Municipal Utilities Company
Orion Waste Solutions - Inland Waste Solutions
OTE Welding Inc
P&R Disposal
"Paine's, Inc"
PAK-RITE
"Pallet Pick-Up Recyclable, LLC"
PALM SPRINGS DISPOSAL SERVICES
Panola County Solid Waste Department
Peak Waste
Pedal Point
"Pellitteri Waste Systems, Inc."
"Penn Gateway Recycling, Inc"
PK Metals (Suffolk Industrial)
Platinum Junk And Waste Removal LLC
Pleasanton Garbage Service Inc.
Pratt Sanition Inc
Precision Disposal
Precision Portables
Priority Waste TN
Pueblo of Zuni
RAD Curbside
Radius Recycling
RaeKar
Ramco Waste & Recycling LLC
Real Waste Solutions
Recology Sunset Scavenger
Recology Vallejo
Self Recycling - Cartersville
Service Recycling
SHANK WASTE SERVICE
Shred-it
"Shred360, LLC"
Sid's Garbage Pick up
Sioux Falls Junk Removal
Siskiyou County Disposal Company LLC
"Smash Franchise Partners, LLC"
Smash My Trash - Cincinnati
Smith Creek
Smith Scrap & Salvage Inc
"Solid Waste Services of WV, Inc."
Somerset Utilities
Sonoco Recyling Atlanta
South Central Solid Waste Authority
"South Tahoe Refuse Co., Inc"
Southend Metals
Southern Steel Recycling
Southwest Disposal & Clean Up
Sparks Junk Removal & Hauling
Sprint Montgomery County Landfill
Stand Up Guys Junk Removal
Standing Rock Sanitation Services
"Stargate Metals, LLC"
STERLING SUPERIOR SERVICES
STRR
Stutzman Refuse Disposal Inc.
Suburban Disposal
Suburban Waste Services
Sulpher Springs Sanitation
Summit Waste & Recycling LLC
Superior Trash Company
Sutton Disposal Service LLC
Sweitzer Waste Removal
T&G Sanitation
Tate Services Inc
TAYLOR GARBAGE
Taylor Waste Services
"Taylor's Septic Services, Inc."
TDS Disposal LLC
Texas Shred
TFC Recycling
"The Diamond Disposal, Inc"
The Junkluggers of Central VA
Thomas Trash Service & Excavating
Thompson Sanitation
Thompson Sanitation Corp
Tidy Services
TIGER SANITATION
Titan Dumpster Rental
TNR Hauling
Tomson Scrap Metal
"Top Dog Waste Solutions, LLC"
Tostenson Inc. Garbage & Recycling
TOWER COMPACTOR RENTAL
Town of Diamondville
Town of Gardnerville
Town of Lake Park
"Trademark Metals Recycling, LLC"
Trans Trash
Trash Hog of Arkansas
Trash Rangers LLC
Trashhelp
Tri-Miss Recycling
Tri-State Carting
Triad Junk Removal
TriCounty Disposal
Trinity Dumpster Service
"Troiano Waste Services, Inc"
TYGARTS VALLEY SANITATION
United Site Services
UNIVERSAL WASTE SYSTEMS
UPDIKE INDUSTRIES
Upstate Junk Removal LLC
UPSTATE SHREDDING
USA Materials
Valley Recycling & Disposal Inc.
ValleyWaste Service
Value Waste Services
Veterans Easy Trash Service
Volunteer Disposal West
"Vulcan Waste, LLC"
Walker Garbage Service Inc.
WALLACE BROTHERS DISPOSAL & RECYCLING
Wallach Iron And Metal
Wasatch County Solid Waste Disposal
Waste Away
Waste Connections - Alabama District 6080
Waste Connections - Alaska Waste 2438
Waste Connections - Anderson Regional Landfill
Waste Connections - Arizona 3300
Waste Connections - Arrow Sanitary Service
Waste Connections - Bayou 6170
Waste Connections - Bishop Waste Disposal 4914
Waste Connections - Bulldog Systems LLC
Waste Connections - Caprock 5114
Waste Connections - Carolina Waste 6126
Waste Connections - Champ Landfill
Waste Connections - City Sanitation Dist 3042
Waste Connections - County Waste - Ulster
Waste Connections - Curry Transfer & Recycling
Waste Connections - District 6034
Waste Connections - Envirotech Waste Services
Waste Connections - Florida 6426
Waste Connections - Fort Worth
Waste Connections - Groot Industries
Waste Connections - Hoodview Disposal - Dist# 2021
Waste Connections - J&J Sanitation Dist 3051
Waste Connections - Kansas
Waste Connections - Kentucky 6055
Waste Connections - LeMay Enterprises 2188
Waste Connections - Lone Star 5150
Waste Connections - MDC Environmental 3084
Waste Connections - Missouri 6095
Waste Connections - MTG Disposal 6388
Waste Connections - Nebraska
Waste Connections - North Bend Sanitation Service
"Waste Connections - Northern Illinois Disposal Services, Inc"
Waste Connections - Olympic Disposal
Waste Connections - Ontario Sanitary Service
Waste Connections - Pinellas 6416
Waste Connections - Preferred Septic and Disposal 4714
"Waste Connections - RAM Waste Systems, Inc"
Waste Connections - San Antonio
Waste Connections - Sanitation Solutions Inc 6221
Waste Connections - Tennessee 6010
Waste Connections - Texas Alvin Dist 5131
Waste Connections - Texas Houston 5120
Waste Connections - Town & Country Disposal 3072
Waste Connections – Amador Valley Industries 4028
Waste Connections – West Bank Sanitation
Waste Connections of Georgia Dist 6501
Waste Management - Arizona Inc
Waste Management - Buffalo Ridge Landfill
Waste Management - Carson Trasnfer Station
Waste Management - Cranberry Creek Landfill
Waste Management - Doralville Transfer Station
Waste Management - Evanston Transfer Station
Waste Management - Forest Park
Waste Management - Georgia Waste Systems LLC
Waste Management - Illinois - Milam RDF
Waste Management - Irvine Transfer Station
Waste Management - Kimmswick Landfill
Waste Management - Miami West Transfer Station
Waste Management - Minnesota
Waste Management - New Jersey
Waste Management - North Weld Landfill
Waste Management - Palm Beach Transfer Station
Waste Management - Pine Bluff Landfill
Waste Management - Tempe AZ
Waste Management - Tennessee
Waste Management - Westside Transfer
Waste Management - Wheeling Transfer Station
Waste Management - Woodstock Transfer
Waste Management - WTR Landfill
Waste Management of Louisiana
Waste Management/Advanced Disposal Alabama
Waste Pro - Asheville 501
Waste Pro - Blytheville 614
Waste Pro - Clearwater 121
Waste Pro - Flagler 106
Waste Pro - Gulfport 600
Waste Pro - Lake County 123
Waste Pro - Meridian 602
Waste Pro - Ocala 120
Waste Pro - Pembroke Pines 117
Waste Pro - Pompano 0119
Waste Pro - Sarasota 129
WASTE WATCHERS OF SAVANNAH
WCA - Oklahoma East Hauling
Weidle Sanitation Service
Weinberger Waste Disposal
Weitsman Recycling LLC
Wessco Waste & Recycling Equipment
West Coast Recycling Center
West Point Waste
West Tex Disposal
West Texas Dumpsters
West Virginia Cashin Recycables
Western Pacific
"Western Waste Services, Inc"
WFT Rubbish Disposal
Whee Haul Junk and Removal Services
White County Solid Waste
White Sanitation Inc
"Willey's Refuse Disposal, Inc"
William Branscum
"Williams-Scotsman, Inc"
Winni Waste Solutions
Zach Erwin Construction Inc
Front Range Landfill
Frontier Waste
Frontier Waste - Austin
Fulton Metals Recycling - College Park
Fusion Site Tennessee
Fusion Waste
Garretson Trash Services LLC
Gary's Garbage Services LLC
Gastaldo Waste and Recycle
General Scrap Material
Generated Materials Recovery
Gentry Trash
GET RID OF IT WASTE CORPORATION
GFL - Eagle Point Landfill
GFL - Kansas City Transfer Station
GFL Environmental Services USA Inc
"Global Affinity, Inc"
Go Recycling
GOGEBIC RANGE SOLID WASTE
Going Green Recycling
Golden Valley Disposal
Grace Hauling
GRANGER WASTE SERVICES
Graybill Equipment
GRAYHOUND TRASH REMOVAL INC
Green Environmental Services
Green Planet 21 - CA
Green Planet 21 - WA
Gresham Sanitary Service
Grogan Disposal Company LLC
"GROGAN WASTE SERVICES, LLC"
Hancock County Solid Waste District
"Harper Sanitation Service, Inc"
Hart County Solid Waste
Hartels Disposal
Harter's Lakeside Disposal
HBS Trash
Heavenly Trash
Hillsboro Garbage Disposal Inc.
Hillside Solutions
Hogland Transfer Company Inc
HOLT WASTE
"HOMETOWN SANITATION SERVICES, LLC"
"Hometown Sanitation, LLC"
Homewood Disposal Service
Howie's Trash Service
Hudgins Disposal
ICA Dumpsters
Ideal Refuse Removal
INDEPENDENT RECYCLING SERVICES
Indiana Roll Off Services (IRS)
INTERNATIONAL PAPER
International Paper - Salt Lake City Recycling
"Interstate Waste Services of CT, LLC"
IRON CITY EXPRESS
Iron Mountain
Island Recycling
Island Refuse Molokai
"J&K Trash Removal, Inc"
J. Young Refuse
Jackson Curbside Recycling Inc.
Jadco
JF McNamara & Sons
"JFR Salvage, Inc"
Jim Dedman's Sanitation
JL Proler Iron & Metal
Jolly's Recycling
Joseph Freedman Company Inc
Jots Rentals
"Junk King Bay Area, LLC"
Junk King Nashville
Junk King Tacoma
Junk Remove Now
Junk Solutions Hauling
"K&K Sanitation, Inc"
Kalamazoo Metal Recyclers Inc
Kalmer Lumber & Pallet Manufacturing Inc
Kamps Innovative Pallet Services
Kansas City Disposal
"Keter Environmental Services, Inc"
Key Disposal & Recycling
Keyser Valley Auto Wreckers
Kimble Companies
King Dumpsters
Kluesner Sanitation
"Kuerth's Disposal, Inc."
Kurtzman Sanitation LTD
Lakers New Prague Sanitary Inc
Lakeside Recycling
LAND O LAKES RECYCLING
Landmark Junk Removal
LaRue Sanitary Services
Laveine Sanitation
"LCI Services, Inc."
"Leck Waste Services, Inc."
"Lentz Septic Tank Service, Inc."
Les's Sanitation
Lets Go Momma LLC
Liberty Disposal LLC
LIFT WASTE & RECYCLING
London Utility Commission
LRS - Wisconsin
Luck Stone Atlanta - Stephens Plant
Macs Wood Products
Maddogg Junk Removal
Major Waste Disposal
"Marcotte Disposal, Inc."
MARICK'S WASTE DISPOSAL INC
Matt's Sanitation
Maui Disposal
Mauldin Trash Service
Mayer Pollock Steel Corp
Mazza Recycling Services
"McCullough Rubbish Removal, Inc."
MCGREE TRUCKING
MERIDIAN WASTE FLORIDA
MET
Metalico-Youngstown
"Metech Recycling, Inc."
METRO GREEN RECYCLING
Metro Recycling
Mid Valley Disposal
Mid-American Sanitation
Mid-Ohio Sanitation and Recycling LLC
Midwest Paper Retriever LLC
"Mike Spano & Sons, Inc."
Millennium Container Services
Miller Enterprises
Mills Brother Garbage Service
Mission Trail Waste Systems
Modern Disposal Systems
Moler Sanitation
MOORE COAL
Mountain Disposal
Mountain High Disposal
MPG Transport Inc
MSC Industries Inc
MSP Pallet Recycling
Muran International Group
National Waste & Disposal Inc.
Navajo Sanitation Inc.
New Bedford Waste Services-Transfer Station
Newell's Trash Service
Newlon Metals Inc
"Norland Environmental Service, Inc"
North Country Clean-Up
North Georgia Waste LLC
North Iredell Sanitation
Northern Recycling & Waste Services
"Oakridge Hauling West and Recycling, LLC"
Oconee Metal Recovery
Okon Metals
Omnisource
Orlando Waste Paper Company Inc
"P&M Reis Trucking, Inc"
Pacific Steel & Recycling
Pacific Steel & Recycling Colorado
Pallet One MN Inc
PARK'S GARBAGE SERVICE
"Pascap Company, Inc.//"
Paso Robles Waste Disposal Inc
PATRIOT DISPOSAL - VIRGINIA
Pelican Waste
PENINSULA REFUSE
"Penn Waste, Inc."
"Pete & Pete Container Service, Inc"
Petrik Sanitation
Phoenix Disposal
"Pinard Waste Systems, Inc"
"Pine Tree Waste, Inc"
PK Metals
Pollard Construction & Residential Waste Services
Pride Disposal Company
Priority Waste IN
ProVision Junk Removal
Provo City
"PSC Metals, LLC"
"PSI Waste Equipment Services, Inc"
Purple Roll Off
Quiny Recycle
Raptor Recycle and Transfer
"RDT, Inc."
Re-Alliance
Recology - Arcata
Recology Clackamas
Recology Vacaville Solano
Recology-Auburn Placer
RECOLOGY-SONOMA MARIN
Recycling Center of ND
"Recycling Center, Inc"
"Renewable Resources, LLC"
Republic Services #264
Republic Services #615
Republic Services #642
Republic Services #757
Republic Services #769
Republic Services #794
Republic Services #823
Republic Services #885
Republic Services #902
Republic Services - Phoenix Transfer Station
Republic Services East Point Transfer Station
Republic Services Golden Bear Transfer Station
Republic Services Richland Creek Landfill
Reworld Waste LLC
"RICHARD'S SANITATION, LLC"
Richards & Richards
Richardson Waste
RIDGERUNNER CONTAINER SERVICE
"Right Away Disposal, LLC"
"RightAway RollOff, LLC"
ROADRUNNER RUBBISH REMOVAL
Rockin Disposal Inc.
Roseburg Disposal
RTI
RTS Waste Services LLC
Rubbage Control
Rubbish Runners
RVA Removal LLC
RYLAND ENVIRONMENTAL
San Carlos Apache Tribe Sanitation
Sanitation Solutions
Seadrunar Reycling
Sendit Hauling
Waste Management - Utah
Waste Management - Virginia
Waste Management - West Virginia
Waste Management - Wisconsin
Waste Masters Solutions
Waste Pro
Waste Pro - Atlanta 202
Waste Pro - Atlanta West 203
Waste Pro - Baton Rouge 613
Waste Pro - Bradenton / Sarasota 114
Waste Pro - Citrus County 122
Waste Pro - Cocoa 102
Waste Pro - Gainesville 104
Waste Pro - Hattiesburg 603
Waste Pro - Hilton Head 301
Waste Pro - Jackson 605
Waste Pro - Milton
Waste Pro - Northshore 610
Waste Pro - Orlando 100
Waste Pro - Pensacola 116
Waste Pro - South Haven 607
Waste Pro - West Palm Beach 115
"Waste Recycling, Inc"
Waste Reduction System
Waste Removal USA
Waste Services
"Waste Services - North Charleston, SC"
Wasteless Solutions
WasteWise Methow
Wemiga Waste
West Oahu Aggregate
"Westco Trucking Company, Inc"
Western Slope Dumpsters LLC
Westside Disposal
WHITE'S SANITATION
Windy City Junk Removal
Wingfield Service
WM Commercial - Billing
WM Recycle America LLC
Wright's Environmental
Zempke Roll-Off Service
Recology-Butte Colusa
Recology-Cleanscape-South Bay
"RECON Services, LLC."
Recycling Management Resources Louisville LLC
"Recycling Services of Florida, Inc."
Red Can Sanitation
Red Oak Sanitation & Recycling
Redbox of Phoenix and East Valley
Redgate Disposal LLC
Republic Services #535
Republic Services #611
Republic Services #620
Republic Services #650
REPUBLIC SERVICES #685
Republic Services #688
Republic Services #691
Republic Services #728
Republic Services #820
Republic Services #853
Republic Services #899
Republic Services #971
Republic Services BFI Tower Landfill
Republic Services Green Valley Landfill #4127
Republic Services Kalamazoo Transfer Station
Republic Services Kestrel Hawk Landfill
Republic Services Roxana Landfill
Republic Services Vasco Road Landfill #3850
Republic Services Vienna Junction Landfill
Rewrx
"Richard's Disposal, Inc"
"Rifkin Scrap Iron and Metal, Co"
Riverline Transfer Station
"RJC Contracting, Inc"
RMR - NJ
Roadrunner Sanitation
Robinson Waste Disposal Svc
Robinson Waste Services-Utah
Rockwood Recycling
Roll off Systems
Royal Carting Service Co
Royal Document Destruction
Royal Oak Recycling
Royal Paper Stock Company Inc
RRRTX
Rubatino Refuse Removal
Runde Metal Recycling LLC
S TAYLOR & SONS HAULING
"S&S Scrap Metal, Inc"
S.B. Cox Demolition
"SALANDROS REFUSE, INC"
Sanitation Resources
"Satelite Shelters, Inc"
"SAVE THAT STUFF, INC"
Seagraves Plumbing
Seattle Iron & Metals Corporation
Secure Recycling
Selk Sanitation
SEM - Sustainable Environmental Management
Serv-Wel Disposal & Recycling
SH Recycling
Sims Metal Recycling
SKB Environmental
SmartTrash
Smash My Trash Princeton and Plainfield
Smoky Mountain Waste LLC
So Much More Space
Solid Rock Waste
Sonny's Solid Waste
Sonoran Ranch Services
South Central Junk Removal LLC
Specialty Pallet & Crate
Sphuler Disposal
SSF Scavanger
"Steve's Sanitation, Inc"
Stryker Environmental
Studdard Scrap Metal
Sullivan Metals
Sunrise Sanitation Service Inc.
Super Scrap
Superior Waste Services of New York
Sutherlin Sanitary Service LLC
Swanson Solutions
SWINGER SANITATION
"Tennessee Waste Haulers, LLC"
Texas Port Recycling
The Industrial Crew
The Junkluggers of East Tennessee
THE TRASH COMPANY
THOMPSON'S SANITARY SERVICE
TNT Disposal
Tooele County Solid Waste Management
Toro Waste; Quality Compactors
Torrez Sanitation LLC
Total Disposal
Town of Dutch John
Town of Lusk
"Trash Taxi of Alabama, LLC"
"TRASH TECH, LLC"
Trash-A-Way
TRASHCO LTD
TRI-COUNTY INDUSTRIES
Trident Waste & Recycling
Trinity Compaction Corp
Trinity Recycling
TRIPLE T TRUCKING
Troupe Waste & Recycling
TruBlu
"TT&E Iron & Metal, Inc"
TWIN ENVIRO SERVICES - ROUTT & MOFFAT COUNTY
Universe Towing
Up North Hauling LLC
"VEOLIA ES TECHNICAL SOLUTIONS, LLC"
"Wabasha Rubbish Removal, LLC"
Waccamaw Metal Recycling
"WALKER LAKE DISPOSAL, INC"
"Walter's Recycling & Refuse, Inc."
"Ware Disposal, Inc"
Washler Garbage & Recycling Services
Waste and Water Logistics
Waste Connections - ACE Solid Waste
"Waste Connections - Alaska Waste - Ketchikan, LLC"
"Waste Connections - Alexandria, LA"
Waste Connections - Ambrose Disposal
Waste Connections - Arizona 3305
Waste Connections - Arkansas 3220
Waste Connections - Aurora - Dist# 3106
Waste Connections - Barco El Paso 5110
Waste Connections - Bayou 6187
Waste Connections - Columbia River Disposal 2025
Waste Connections - Cooks Waste Paper & Recycline 6032
Waste Connections - Corpus Christi TX
Waste Connections - E.L. Harvey & Sons Inc.
Waste Connections - Florida 6473
Waste Connections - Green Waste of Tehama
Waste Connections - Haltom City Transfer Station
Waste Connections - Hardin Sanitation Service 2214
Waste Connections - Iowa
Waste Connections - J&J Services
Waste Connections - Kahut Waste Services LLC
Waste Connections - Kieffer Sanitation 3020
Waste Connections - Lakeshore Disposal Idaho 2212
Waste Connections - Lemay Enterprises 2186
Waste Connections - Lone Star 5175
Waste Connections - McKinney
Waste Connections - Methvin Sanitation
Waste Connections - Miami Hauling 6440
Waste Connections - Millenium Waste 3081
Waste Connections - Missouri 6090
Waste Connections - Monroe Hauling 6131
Waste Connections - Mountain View Waste Systems LLC District 5325
Waste Connections - Murrey's Disposal
Waste Connections - Nauset Disposal Holdings
Waste Connections - Northend Disposal 5026
Waste Connections - Oklahoma
Waste Connections - Oklahoma City
Waste Connections - Olympic Peninsula
Waste Connections - Palmetto Hauling 6420
Waste Connections - Papillion Sanitation 3050
Waste Connections - PSI Environmental Services
Waste Connections - Rock River Disposal 3083
"Waste Connections - Rogue Disposal and Recycling, Inc"
Waste Connections - Schaben Sanitation
Waste Connections - Scott Solid Waste - Dist# 6041
Waste Connections - Southwest Disposal Alamogordo 5230
Waste Connections - Tennessee 6032
Waste Connections - Tennessee 6061
Waste Connections - Texas Humble
Waste Connections - Timberline Disposal 5324
Waste Connections - Turkey Creek Landfill
Waste Connections - Vaquero Waste & Recycling 5157
Waste Connections - West Valley Collection & Recycling LLC
Waste Connections - Yakima Waste Systems 2195
Waste Connections – HIMCO Waste Away Services 3181
Waste Connections of Colorado - Denver
Waste Connections of Colorado - The Trash Company
Waste Connections of MD
Waste Connections of Tennessee - Knoxville
"Waste Harmonics, LLC"
Waste Management - AL
Waste Management - Alpharetta Transfer
Waste Management - Altamont Landfill
Waste Management - BJ Transfer Station
Waste Management - Corporate Services Los Angeles
"Waste Management - Corporate Services, Inc"
Waste Management - Covel Gardens Landfill
Waste Management - D& R Transfer Station
Waste Management - East Valley Diverson
Waste Management - Fairbanks Landfill
Waste Management - Florida
Waste Management - Fort Pierce Transfer Station
Waste Management - Indiana LLC
Waste Management - Lantana Transfer Station
Waste Management - Lithonia Transfer Station
Waste Management - Mesquite Creek Landfill
Waste Management - Michigan
Waste Management - New York - Depew Ts
Waste Management - New York - East Side Ts
Waste Management - North Carolina
Waste Management - Pennsylvania
Waste Management - Pheasant Run Landfill
Waste Management - Ray's Trash Service Inc
Waste Management - Redwood Landfill
Waste Management - Reuter Transfer Station
Waste Management - Sarasota Landfill
Waste Management - Skyline Landfill
Waste Management/Advanced Disposal Islamorada
Waste Management/Advanced Disposal WST Southeast
Waste Partners Inc.
Waste Pro - Cajun Country 612
Waste Pro - Ft Pierce 103
Waste Pro - Gautier 601
Waste Pro - Hawaii
Waste Pro - Jacksonville 107
Waste Pro - Jax Greenland 128
Waste Pro - Lehigh Acres 127
Waste Pro - Mobile 402
Waste Pro - New Orleans 604
Waste Pro - North Georgia Haul 204
Waste Pro - Palm Coast 106
Waste Pro - Panama City 118
Waste Pro - Sanford 101
"Waste Removal and Recycling, Inc"
WasteAway Dumpster Service of WNY
Wasteology
Waterman Recycling & Disposal
Watertown Iron & Metal Co
WB Waste Solutions LLC
"West Central Sanitation, Inc"
Western Disposal Services
Western Elite
Western Kane County
"Westside Waste Management Co, Inc."
WG Waste
"What a Waste, LLC"
White Mountain Apache Tribe Environmental
Whitecap Waste
Windsor Sanitation
"WINTER BROS. HAULING OF LI, LLC"
Wompost
Woody & Sons
Xtra Lease
Your Local Junk Removal
Yreka Transfer
Zanker Landfill
"Zarc Recycling, LLC"
Zero Waste & Recycling Services Inc
Zampogna Inc
ZTERS
Seraphim Plastics LLC
Serious Sanitation
Service Waste
SGS LLC DBA Garbage Hauling Services
Shamrock Waste Services
Shapiro Metals
Siegel Recycling
"Sims Bros., Inc"
Sims Metal
SJ's Roll-Off Dumpsters
Skjeveland Enterprises
Smart Way Recycling
Smash My Trash Reno
"Smith Iron & Metal Co., Inc"
Solid Waste Disposal Authority Baldwin County
SOLOMON CONTAINER SERVICES
Sonoco Recycling - Greenville
Sorce Services Llc - Franksville
SOS Waste Services
Sound Disposal Inc.
Southeast Recycling Group
Southern Illinois Waste Container
Southern Oregon Sanitation
Southwest Sanitation
"Southwest Sanitation, Inc - MN"
Southwest Site Services
"Speedy Dump, LLC"
"SPO Networks, Inc."
SRG Metals
SRPMIC - Salt River Pima-Maricopa Indian Community Public Works
St. Louis Composting
Steed Metals Gillette
Step Up Disposals
STEVENS DISPOSAL
Stewart Sanitation
Stranco Solid Waste Management Co. LLC
Suburban Garbage Service
SUNDANCE DISPOSAL SOLUTIONS
Sunshine Disposal & Recycling
Superior Waste Industries
Sutter Disposal
Sweetland Ltd
Swi - Specific Waste Industries
"Syracuse Hauling Waste Removal, Inc"
Tahoe Basin Container & Recycling Services
Tahoe Truckee Sierra Disposal
Taylor Iron and Metal Inc
"Taylor-Montgomery, LLC"
Teg Lease
Temps Disposal Service
Texas Commercial Waste
Texas Tuff Hauling
The Shred Truck
The Trash Guys Commercial LLC
The Trash Man
Timberline LLC
Timmons Waste Service Inc
Tims Trash Service
"TJN Enterprises, Inc"
Toi Toi USA LLC
Tom Danley Disposal. LLC
Tonto Basin Sanitation
Tooele County Corporation-Solid Waste
"Total Recycling, LLC"
TOWN & COUNTRY SANITATION
"Town of Babylon, NY"
Town of Limon CO
Town of Wickenburg
Trash Taxi of GA
Treasure Coast Recycling
Tri County Waste
Tri-City Disposal
"Tri-Miss Service, Inc"
"Trinity Electric, Inc"
Tropical Trash
TWIN ENVIRO SERVICES - FREEMONT COUNTY
TWIN ENVIRO SERVICES - LAS ANIMAS
U&I SANITATION
Unified Disposal Partners
United Disposal
Universal Waste Systems - A.C. Sanitation Service
University Place Refuse and Recycling
VALLEY SANITATION
Valley Vista Services
"Valley Waste Service, Inc."
Vanderpoel Disposal
Velpen Trucking & Disposal
Vine Disposal
Vista Recycling
Vital Records Control - VRC
Walden Enterprises
Walden Transport and Recycling
Waste Advantage
Waste Away Site Services
Waste Connections - Alaska Waste Interior LLC 2450
Waste Connections - Alaska Waste Mat-Su 2420
Waste Connections - Alvin and Angleton Hauling
Waste Connections - American Disposal
Waste Connections - Arizona Dragon Disposal
Waste Connections - Bayou 6135
Waste Connections - Bitter Root Disposal 5411
Waste Connections - C&S Waste Solutions of Lassen County
Waste Connections - Cascade Disposal
Waste Connections - Clarksville TN
"Waste Connections - Dick's/Lakeville Sanitation, Inc"
Waste Connections - District 6425
Waste Connections - El Dorado Disposal Service
Waste Connections - El Paso Disposal 5110
Waste Connections - Elko Sanitation
Waste Connections - Gills Freeport Disposal
Waste Connections - Hood River Garbage
Waste Connections - Hopkins Cty Regional Landfill
Waste Connections - J&J Services 6036
Waste Connections - Joe's Refuse Service 2188
Waste Connections - Lakeside Disposal & Recycling
Waste Connections - LeMay Enterprises 2180
Waste Connections - Les's Sanitary
Waste Connections - Livermore Sanitation Inc
Waste Connections - Lone Star 5165
Waste Connections - Lone Star 5183
Waste Connections - Lone Star 5193
Waste Connections - Mammoth Disposal 4014
Waste Connections - Montgomery Trucking
Waste Connections - Mountain Waste & Recycling
Waste Connections - MS
Waste Connections - New York
Waste Connections - Pasco Hauling 6425
WASTE CONNECTIONS - PENN WASTE
Waste Connections - Pennsylvania 6370
Waste Connections - Rumsey Environmental 6081
Waste Connections - San Luis Garbage Company
"Waste Connections - Sanipac, Inc. 2013"
Waste Connections - Texas Regional Landfill
"Waste Connections - Ukiah Waste Solutions, Inc"
Waste Connections - Vail Honeywagon
Waste Connections - Waste Control 2032
Waste Connections - Waste Wranglers 5116
WASTE CONNECTIONS - WESTBANK SANITATION
Waste Connections – Royal Waste Services 6221
Waste Connections – Stutzman Refuse Disposal 5019
Waste Connections of Texas
Waste Management - Bluff City/Elgin Transfer Station
Waste Management - Corporate Services
"Waste Management - Countryside Landfill, Inc"
Waste Management - Davis Street Transfer
Waste Management - Downtown Diversion
Waste Management - Hall County Transfer Station
Waste Management - Kentucky
Waste Management - Lawrenceville Transfer
Waste Management - National
Waste Management - Oaks Rd Transfer Station
Waste Management - Pompano Transfer Station
Waste Management - Washington
Waste Management - Willow Oak Landfill
Waste Management of Colorado
Waste Management/Advanced Disposal SE
Waste Management/Advanced Disposal Wisconsin C6
Waste Management/Advanced Disposal WST Midwest
"Waste Path Services, LLC"
Waste Pro - American Recycling Facility
Waste Pro - Athens 201
Waste Pro - Charlotte West 504
Waste Pro - Collier County 126
Waste Pro - Columbus 606
Waste Pro - Daytona Beach 112
Waste Pro - Ft Myers 109
Waste Pro - Greenwood 609
Waste Pro - Jonesboro 611
Waste Pro - Lake Charles
Waste Pro - Lake City 111
Waste Pro - Nashville 616
Waste Pro - Natchez 608
WASTE RESOURCES GARDENA
Waste-Pro Inc.
Wastequip Manufacturing Company LLC
"WAYN-O'S DISPOSAL SERVICE, LLC"
Wayne County Sanitation Department - Loa UT
We Talk Trash
"Weaver's Sanitation Svc, Inc."
WEINER IRON AND METAL CORPORATION
"Werlor, Inc"
West Georgia Sanitation
Westbury Paper Stock Corp
Western Metals Recycling
WestRock
WestRock - Jacksonville FL
"Wills Construction Company, Inc."
Wilmington Iron and Metal
WIN WASTE INNOVATIONS
WINSTON SANITARY SERVICE
Wise Environmental Solutions
Wisneski's Westmoreland Services
"WM Compactor Solutions, Inc"
Wood County Waste
Woods Hauling Service
WOODWARD'S DISPOSAL SERVICES
Wright Way Dumpster Rental
Zollett Waste & Recycling
