messy_vendor,matched_vendor,method
MERIDIAN WASTE,Meridian Waste,manual_override
REPUBLIC SERVICES,Republic Services,manual_override
WASTE PRO,Waste Pro,manual_override
Troiano Waste Services Inc.,"Troiano Waste Services, Inc",normalized_match
Lift Waste & Recycling,LIFT WASTE & RECYCLING,exact_match
DELTA WASTE SOLUTIONS,Delta Waste Solutions,manual_override
Prestige Disposal,Prestige Disposal,exact_match
Jay Mecham's Country Garbage,Jay Mecham's Country Garbage,exact_match
Eagle Rock Sanitation,EAGLE ROCK SANITATION,exact_match
Flood Brothers,Flood Brothers Disposal,manual_override
WASTEWISE METHOW,WasteWise Methow,exact_match
Walker Lake Disposal,"WALKER LAKE DISPOSAL, INC",normalized_match
Smarttrash,SmartTrash,exact_match
TRASH CONTROL,"TRASH CONTROL, INC",normalized_match
"Okon Metals, Inc.",Okon Metals Inc,normalized_match
Evergreen Paper Recycling,Evergreen Paper Recycling,exact_match
Mosdell Sanitation Inc,MOSDELL SANITATION,normalized_match
Styro Recycle LLC,STYRO RECYCLE LLC,exact_match
Ace Equipment Company,Ace Equipment Company,exact_match
"National Equipment Solutions, LP","National Equipment Solutions, LP",exact_match
Liberty Waste Solutions,Liberty Waste Solutions,exact_match
GFL ENVIRONMENTAL,GFL Environmental,manual_override
GFL,GFL Environmental,manual_override
CompostNow Inc.,CompostNow Inc.,exact_match
E.L. HARVEY & SONS INC.,"E.L. Harvey & Sons, Inc.",normalized_match
Waste Connections - E.L. Harvey & Sons Inc.,Waste Connections - E.L. Harvey & Sons Inc.,exact_match
CRP Sanitation,CRP Sanitation Inc,normalized_match
"CRP Sanitation, Inc.",CRP Sanitation Inc,normalized_match
"Interstate Waste Services of CT, LLC","Interstate Waste Services of CT, LLC",exact_match
APEX WASTE,Apex Waste,exact_match
WIN Waste Innovations,WIN WASTE INNOVATIONS,exact_match
KC DISPOSAL,KC DISPOSAL,exact_match
HARLEY HOLLAN COMPANIES,Harley Hollan Companies,exact_match
CITY OF CULVER CITY,City of Culver City,exact_match
J & K Trash Removal,"J&K Trash Removal, Inc",normalized_match
Coastal Waste & Recycling,Coastal Waste & Recycling,exact_match
Waste Masters Solutions,Waste Masters Solutions,exact_match
FCC Environmental Services,FCC Environmental Services,exact_match
UNIVERSAL WASTE SYSTEMS INC.,UNIVERSAL WASTE SYSTEMS,normalized_match
WESTERN ELITE,Western Elite,exact_match
1-800-Got Junk Commercial Services (USA) LLC,1-800-GOT-JUNK National,manual_override
Quality Waste,QUALITY WASTE,exact_match
"MOORE COAL CO., INC.",MOORE COAL,normalized_match
Ecosouth Services,EcoSouth Services,exact_match
Wasteology,Wasteology,exact_match
"Hamilton Alliance, Inc.","Hamilton Alliance, Inc",normalized_match
AMWASTE,AMWASTE,exact_match
Jakes Dumpsters,"Jakes Dumpsters, LLC",normalized_match
TRASH TAXI of ALABAMA LLC,"Trash Taxi of Alabama, LLC",normalized_match
CITY OF HENAGAR,City of Henagar,exact_match
Plum Creek Environmental Technologies LLC,Plum Creek Environmental Technologies Llc,exact_match
EcoSouth Services,EcoSouth Services,exact_match
GFL Environmental,GFL Environmental,manual_override
Richardson Waste,Richardson Waste,exact_match
Richardson Waste Removal,RICHARDSON WASTE REMOVAL,exact_match
RICHARDSON WASTE REMOVAL LLC,RICHARDSON WASTE REMOVAL,normalized_match
East Tennessee Junk Away,East Tennessee Junk Away,exact_match
"COX DISPOSAL, INC.",Cox Disposal,normalized_match
"Direct Waste Services, Inc",Direct Waste Services,normalized_match
VARNER BROS INC,"Varner Bros., Inc",normalized_match
Atlas Disposal,"Atlas Disposal, LLC",normalized_match
WARE DISPOSAL,"Ware Disposal, Inc",normalized_match
"USA WASTE & RECYCLING, INC.",USA Waste & Recycling,normalized_match
Paine's,"Paine's, Inc",normalized_match
Charlie's Waste Services,Charlie's Waste Services,exact_match
casella,Casella Waste,manual_override
PATRIOT DISPOSAL,PATRIOT DISPOSAL,exact_match
Patriot Disposal,PATRIOT DISPOSAL,exact_match
Patriot Disposal Inc.,PATRIOT DISPOSAL,normalized_match
City of Denton,City of Denton,exact_match
Lawrence Waste Services,LAWRENCE WASTE SERVICES CORP,normalized_match
"VELPEN TRUCKING & DISPOSAL CO, INC",Velpen Trucking & Disposal,normalized_match
RUMPKE,Rumpke,manual_override
Rumpke,Rumpke,manual_override
OLYMPIC IV MALL SERVICES,Olympic IV Mall Services,exact_match
Community Disposal,Community Disposal,exact_match
DOLL'S DISPOSAL LLC,Doll's Disposal,normalized_match
Wright's Environmental,Wright's Environmental,exact_match
"ROLL OFF SYSTEMS, Inc.",Roll off Systems,normalized_match
"WASTELESS SOLUTIONS, LLC",Wasteless Solutions,normalized_match
CURBSIDE SERVICES INC,Curbside Services Inc.,normalized_match
"Curbside Services, Inc",Curbside Services Inc.,normalized_match
Northern Waste,Northern Waste,exact_match
"FISK WASTE REMOVAL SERVICES, INC.",Fisk Waste Removal Services,normalized_match
"RHINO WASTE & RECYCLING,",Rhino Waste & Recycling Inc.,normalized_match
"RHINO WASTE & RECYCLING, INC.",Rhino Waste & Recycling Inc.,normalized_match
"WASTE & RECYCLING, INC.","Waste Recycling, Inc",normalized_match
GROGAN DISPOSAL COMPANY,Grogan Disposal Company LLC,normalized_match
Corporate Services Consultants,"Corporate Services Consultants, LLC",normalized_match
"Corporate Services Consultants, LLC","Corporate Services Consultants, LLC",exact_match
North Georgia Waste,North Georgia Waste LLC,normalized_match
ASPEN WASTE SYSTEMS INC.,Aspen Waste Systems Inc,normalized_match
"Nitti SANITATION, INC.","NITTI SANITATION, INC",normalized_match
West Georgia Sanitation,West Georgia Sanitation,exact_match
WASTEOLOGY,Wasteology,exact_match
THE TRASH MAN,The Trash Man,exact_match
DENALI REFUSE,Denali Refuse,exact_match
Elite Roll-Off Solutions LLC,Elite Roll-Off Solutions LLC,exact_match
Nitti Sanitation Inc.,"NITTI SANITATION, INC",normalized_match
TRASH KANS,"Trash Kans, LLC",normalized_match
"ABE'S TRASH SERVICE, INC.",Abe's Trash Service,normalized_match
Total Disposal,Total Disposal,exact_match
Apex Waste,Apex Waste,exact_match
1-800-Got-Junk,1-800-GOT-JUNK National,manual_override
GHW WASTE SERVICES,GHW Waste Services,exact_match
WASTE SERVICES,Waste Services,exact_match
Grizzly Disposal & Recycling,Grizzly Disposal & Recycling,exact_match
Missoula Compost,Missoula Compost,exact_match
Missoula Compost LLC,Missoula Compost,normalized_match
Crown Waste & Recycling Systems LLC,"Crown Waste & Recycling Systems, LLC",normalized_match
ACE Recycling & Disposal,ACE Recycling Disposal,normalized_match
"Pacific Waste, Inc.","Pacific Waste, Inc",normalized_match
City of Lamar,"City of Lamar, CO",normalized_match
Active Waste Solutions,Active Waste Solutions,exact_match
"Efficient Roll-Off & Recycling, Inc.","Efficient Roll-Off & Recycling, Inc",normalized_match
Meridian Waste,Meridian Waste,manual_override
"ALPHA WASTE DISPOSAL, INC.","ALPHA WASTE DISPOSAL, INC",normalized_match
Boren Brothers LLC,Boren Brothers LLC,exact_match
Columbia Sanitary,Columbia Sanitary,exact_match
SmartTrash,SmartTrash,exact_match
Affordable Waste Solutions,"Affordable Waste Solutions, LLC",normalized_match
"Brask Enterprises, Inc. II","Brask Enterprises, Inc. II",exact_match
Gateway Recycling & Waste Reduction,Gateway Recycling & Waste Reduction Inc,normalized_match
American SANITATION INC.,American Sanitation Inc.,exact_match
TNR Hauling,TNR Hauling,exact_match
CASELLA MAJOR ACCOUNTS SERVICES LLC,Casella Major Accounts Services LLC,exact_match
Greif Recycling RFG Division,Greif Recycling RFG Division,exact_match
City Waste LLP,"CITY WASTE, LLP",normalized_match
Coastal Compaction,Coastal Compaction,exact_match
FEDERAL RECYCLING,Federal Recycling,exact_match
Federal Recycling,Federal Recycling,exact_match
So Much More Space,So Much More Space,exact_match
Texas Port Recycling,Texas Port Recycling,exact_match
Indiana Waste Service,Indiana Waste Service,exact_match
Waste Connections - Tampa,Waste Connections - Tampa,exact_match
Conex Recycling,Conex Recycling,exact_match
"Recycling Services of Florida, Inc.","Recycling Services of Florida, Inc.",exact_match
BRASK ENTERPRISES,Brask Enterprises,exact_match
Canusa Hershman,Canusa Hershman,exact_match
IMPACT ENVIRONMENTAL GROUP,Impact Environmental Group,exact_match
Metech Recycling Inc,"Metech Recycling, Inc.",normalized_match
Shred It,Shred-it,normalized_match
Stericycle,Stericycle,exact_match
Universal Waste Systems Inc,UNIVERSAL WASTE SYSTEMS,normalized_match
Olympic Compactor Rentals,"Olympic Compactor Rentals, Inc",normalized_match
PAK ? RITE,PAK-RITE,normalized_match
Sanitation One,Sanitation One,exact_match
Universal Waste Systems,UNIVERSAL WASTE SYSTEMS,exact_match
SANITATION ONE,Sanitation One,exact_match
Contractor's Disposal,Contractor's Disposal Inc.,normalized_match
Suburban Waste Services,Suburban Waste Services,exact_match
Trash Kans,"Trash Kans, LLC",normalized_match
Kienbaum Iron & Metal,Kienbaum Iron & Metal,exact_match
Kienbaum Iron & Metal LLC,Kienbaum Iron & Metal,normalized_match
Rhino Waste & Recycling,Rhino Waste & Recycling Inc.,normalized_match
Recycling Center,"Recycling Center, Inc",normalized_match
Recycling center Inc,"Recycling Center, Inc",normalized_match
"RECYCLING CENTER, INC.","Recycling Center, Inc",normalized_match
Walter's Recycling & Refuse,"Walter's Recycling & Refuse, Inc.",normalized_match
Total Disposal Inc.,Total Disposal,normalized_match
FRANKLIN Pallets,Franklin Pallets,exact_match
"Stericycle, Inc",Stericycle,normalized_match
Waste Connections - Scott Waste Services 6052,Waste Connections - Scott Waste Services 6052,exact_match
"WASTE SERVICES, LLC.",Waste Services,normalized_match
KAMPS,Kamps Inc,normalized_match
OLYMPIC COMPACTOR RENTALS |,"Olympic Compactor Rentals, Inc",normalized_match
Allan Industries Recyclers,Allan Industries Recyclers LLC,normalized_match
Disposal Services,"Disposal Services, LLC",normalized_match
Anytime Waste Systems,ANYTIME WASTE SYSTEMS,exact_match
Ecotech,Ecotech,exact_match
"Chisago Lakes Sanitation, LLC.",Chisago Lakes Sanitation,normalized_match
APEX waste,Apex Waste,exact_match
Reworld Waste,Reworld Waste LLC,normalized_match
Tower Compactor Rental,TOWER COMPACTOR RENTAL,exact_match
Fusion Waste,Fusion Waste,exact_match
"Island Recycling, Inc.",Island Recycling,normalized_match
AIR CAPITAL WASTE,Air Capital Waste,exact_match
Black Earth Compost,Black Earth Compost,exact_match
Mountain State Waste,MOUNTAIN STATE WASTE,exact_match
CONIGLIARO INDUSTRIES,"Conigliaro Industries, Inc",normalized_match
"C&C Disposal, LLC","C&C Disposal, LLC",exact_match
"PETE & PETE CONTAINER SERVICE, INC","Pete & Pete Container Service, Inc",exact_match
Secrest Disposal,Secrest Disposal Co.,normalized_match
Secrest Disposal Co.,Secrest Disposal Co.,exact_match
Collection Services,Collection Services Inc.,normalized_match
"COLLECTION SERVICES, INC.",Collection Services Inc.,normalized_match
Waste Connections - J&J Services,Waste Connections - J&J Services,exact_match
Bluegrass Junk Removal,Bluegrass Junk Removal,exact_match
"COCKEY'S ENTERPRISES, INC.","COCKEY'S ENTERPRISES, INC",normalized_match
Pelican Waste,Pelican Waste,exact_match
IV Waste LLC,IV Waste LLC,exact_match
Live Oak Environmental LLC,Live Oak Environmental LLC,exact_match
WIN WASTE INNOVATIONS,WIN WASTE INNOVATIONS,exact_match
Lake Disposal Service of Northern Ohio,Lake Disposal Service of Northern Ohio,exact_match
Mountain state waste,MOUNTAIN STATE WASTE,exact_match
Solid Rock Waste LLC,Solid Rock Waste,normalized_match
City of Bardstown,City Of Bardstown,exact_match
Greenway Waste Solutions,Greenway Waste Solutions,exact_match
ARROWASTE,Arrowaste,exact_match
"Arrowaste, Inc.",Arrowaste,normalized_match
Arrowaste,Arrowaste,exact_match
Grand Rapids Iron & Metal,Grand Rapids Iron & Metal,exact_match
MID VALLEY DISPOSAL,Mid Valley Disposal,exact_match
Mid Valley Disposal,Mid Valley Disposal,exact_match
Highland Sanitation & Recycling Inc.,"HIGHLAND SANITATION & RECYCLING, INC.",normalized_match
City of Lompoc,City of Lompoc,exact_match
Selk Sanitation,Selk Sanitation,exact_match
White County Solid Waste,White County Solid Waste,exact_match
City of Tullahoma,CITY OF TULLAHOMA,exact_match
WASTE & RECYCLING,"Waste Recycling, Inc",normalized_match
"Thompson Sanitation, Inc.",Thompson Sanitation,normalized_match
Waste Partners Inc,Waste Partners Inc.,normalized_match
"Waste Partners, Inc.",Waste Partners Inc.,normalized_match
Uribe Refuse Services,Uribe Refuse Services,exact_match
"Hillside Solutions, LLC",Hillside Solutions,normalized_match
Eclipse Waste Management LLC,Eclipse Waste Management LLC,exact_match
"Lakeshore Recycling Systems, LLC.",LAKESHORE RECYCLING SYSTEMS,normalized_match
West Central Sanitation,"West Central Sanitation, Inc",normalized_match
Stewart Sanitation,Stewart Sanitation,exact_match
Skjeveland Enterprises,Skjeveland Enterprises,exact_match
LAKERS NEW PRAGUE SANITARY,Lakers New Prague Sanitary Inc,normalized_match
Lakers NEW PRAGUE SANITARY INC,Lakers New Prague Sanitary Inc,exact_match
Mazza Recycling Services,Mazza Recycling Services,exact_match
GIBSON Truck Service,Gibson Truck Service LLC,normalized_match
CITY OF SANTA BARBARA,City of Santa Barbara,exact_match
City of Tulare,City of Tulare,exact_match
"Burrtec Waste Industries, Inc.","Burrtec Waste Industries, Inc",normalized_match
Conigliaro Industries,"Conigliaro Industries, Inc",normalized_match
"Modern Disposal Services, Inc.",Modern Disposal Services,normalized_match
ANKENY SANITATION,ANKENY SANITATION,exact_match
COUNTY WASTE SYSTEMS INC,County Waste Systems Inc,exact_match
"Walters Sanitary Service, Inc.","Walters Sanitary Service, Inc",normalized_match
Waste Disposal,"Waste Disposal, LLC",normalized_match
KnightHorst Shredding LLC,Knighthorst Shredding Llc,exact_match
Hill's Sanitation Service,Hill's Sanitation Service,exact_match
MIdwest Sanitation & Recycling,Midwest Sanitation & Recycling,exact_match
BI-COUNTY Disposal Inc.,Bi County Disposal,normalized_match
Engman Disposal,ENGMAN DISPOSAL,exact_match
Kluesner SANITATION LLC,Kluesner Sanitation,normalized_match
Prairie Waste Solutions,Prairie Waste Solutions,exact_match
City of Athens,CITY OF ATHENS,exact_match
"STERICYCLE, INC",Stericycle,normalized_match
Dodd's Trash Hauling and Recycling,Dodd's Trash Hauling and Recycling Inc.,normalized_match
Carrier Container Company,Carrier Container Company,exact_match
CITY OF ATHENS,CITY OF ATHENS,exact_match
Harley Hollan Companies,Harley Hollan Companies,exact_match
"J & R Sanitation, LLC",J & R Sanitation LLC,normalized_match
DYNAMIC WASTE COMPANY,Dynamic Waste Company,exact_match
Dynamic Waste Company,Dynamic Waste Company,exact_match
Stericycle Inc,Stericycle,normalized_match
Lawrence County Solid Waste Service,Lawrence County Solid Waste Service,exact_match
Lawrence County_Solid Waste Service,Lawrence County Solid Waste Service,normalized_match
KnightHorst Shredding,Knighthorst Shredding Llc,normalized_match
ABSOLUTE WASTE REMOVAL,ABSOLUTE WASTE REMOVAL,exact_match
Waste Services,Waste Services,exact_match
Eagle Disposal Inc.,EAGLE DISPOSAL,normalized_match
R-Local Sanitation,R Local Sanitation LLC,normalized_match
Waterman Recycling & Disposal,Waterman Recycling & Disposal,exact_match
EAGLE Disposal,EAGLE DISPOSAL,exact_match
Eagle Disposal,EAGLE DISPOSAL,exact_match
"Zach Erwin Construction, Inc.",Zach Erwin Construction Inc,normalized_match
Ogborne Hauling Inc.,"OGBORNE HAULING, INC",normalized_match
Dependable Sanitation,Dependable Sanitation Inc,normalized_match
DEPENDABLE SANITATION INC,Dependable Sanitation Inc,exact_match
WEST CENTRAL SANitation,"West Central Sanitation, Inc",normalized_match
E.L. Harvey & Sons Inc.,"E.L. Harvey & Sons, Inc.",normalized_match
"A&L Compaction, LLC","A&L Compaction, LLC",exact_match
ADVANCE DISPOSAL COMPANY,Advance Disposal Company,exact_match
Midwest Sanitation & Recycling,Midwest Sanitation & Recycling,exact_match
Athens Services,Athens Services,exact_match
Bruin Waste Management,"Bruin Waste Management, LLC",normalized_match
"Bruin Waste Management, LLC","Bruin Waste Management, LLC",exact_match
Waste Management,Waste Management,manual_override
Specialty Pallet & Crate,Specialty Pallet & Crate,exact_match
Specialty Pallet + Crate,Specialty Pallet & Crate,normalized_match
Specialty Pallet Crate,Specialty Pallet & Crate,normalized_match
Specialty Pallet+ Crate,Specialty Pallet & Crate,normalized_match
"CASELLA WASTE SYSTEMS, INC",CASELLA WASTE SYSTEMS,normalized_match
"SAVE THAT STUFF, INC.","SAVE THAT STUFF, INC",normalized_match
ISLAND DISPOSAL COMPANY,Island Disposal Company,exact_match
Columbia County Solid Waste,Columbia County Solid Waste,exact_match
Local Sanitation,Local Sanitation,exact_match
S&S Sanitation,S&S Sanitation,exact_match
"FCC Environmental Services, LLC",FCC Environmental Services,normalized_match
Alt Refuse,Alt Refuse,exact_match
MIDWEST PAPER RETRIEVER,Midwest Paper Retriever LLC,normalized_match
NOBLE ENVIRONMENTAL,Noble Environmental,exact_match
County HAULING,County Hauling,exact_match
Big's Sanitation,"Big's Sanitation, Inc",normalized_match
ASPEN WASTE SYSTEMS OF MISSOURI INC.,"Aspen Waste Systems of Missouri, Inc",normalized_match
COMMUNITY SANITATION,Community Sanitation,exact_match
AAA Trash Service,AAA Trash Service,exact_match
Triple H Disposal,Triple H Disposal,exact_match
"Triple H DISPOSAL, LLC",Triple H Disposal,normalized_match
Triple-H Disposal,Triple H Disposal,normalized_match
"Triple-H DISPOSAL, LLC",Triple H Disposal,normalized_match
ADA COUNTY,Ada County,exact_match
ED BURRIS DISPOSAL SERVICE,Ed Burris Disposal Service LLC,normalized_match
Ed Burris Disposal Service LLC,Ed Burris Disposal Service LLC,exact_match
Junk Solutions Hauling,Junk Solutions Hauling,exact_match
"Disposal Management Services, Inc.",DISPOSAL MANAGEMENT SERVICES,normalized_match
Noble Environmental,Noble Environmental,exact_match
INDEPENDENT RECYCLING SERVICES,INDEPENDENT RECYCLING SERVICES,exact_match
County Hauling,County Hauling,exact_match
Southern Illinois Waste Container LLC,Southern Illinois Waste Container,normalized_match
"Coles County Sanitation & Recycling, Inc",Coles County Sanitation & Recycling,normalized_match
RELIABLE SANITATION SERVICE,Reliable Sanitation Service,exact_match
Independent Recycling Services,INDEPENDENT RECYCLING SERVICES,exact_match
Las Vegas Recycling Inc.,"LAS VEGAS RECYCLING, INC",normalized_match
"LAS VEGAS RECYCLING, INC.","LAS VEGAS RECYCLING, INC",normalized_match
Cleeton Sanitation Service,Cleeton Sanitation Service,exact_match
"Cleeton Sanitation Service, Co.",Cleeton Sanitation Service,normalized_match
MIDWEST DISPOSAL,Midwest Disposal LLC,normalized_match
Niese Hauling,Niese Hauling,exact_match
PEAK WASTE,Peak Waste,exact_match
North Iredell Sanitation,North Iredell Sanitation,exact_match
Anytime WASTE SYSTEMS,ANYTIME WASTE SYSTEMS,exact_match
Homewood Disposal Service,Homewood Disposal Service,exact_match
Go Recycling,Go Recycling,exact_match
ANYTIME WASTE SYSTEMS,ANYTIME WASTE SYSTEMS,exact_match
PIKE COUNTY SOLID WASTE DEPARTMENT,Pike County Solid Waste Department,exact_match
"WASTE PATH SERVICES, LLC","Waste Path Services, LLC",exact_match
Appalachian Waste Management LLC,Appalachian Waste Management Llc,exact_match
Local Waste Solution,Local Waste Solution,exact_match
SBC WASTE SOLUTIONS,SBC Waste Solutions Inc,normalized_match
Industrial Refuse Service,Industrial Refuse Service,exact_match
HAUL AWAY SERVICES,HAUL AWAY SERVICES,exact_match
Cox Disposal,Cox Disposal,exact_match
Raekar,RaeKar,exact_match
"HAMILTON ALLIANCE, INC.","Hamilton Alliance, Inc",normalized_match
Davis Disposal,Davis Disposal,exact_match
DAVIS DISPOSAL,Davis Disposal,exact_match
TRIDENT WASTE & RECYCLING,Trident Waste & Recycling,exact_match
Peak Waste,Peak Waste,exact_match
"Peak Waste, LLC",Peak Waste,normalized_match
TEXAS COMMERCIAL WASTE,Texas Commercial Waste,exact_match
Texas Commercial Waste,Texas Commercial Waste,exact_match
Live Oak Environmental,Live Oak Environmental LLC,normalized_match
"WASTE CONNECTIONS OF TEXAS, LLC",Waste Connections of Texas,normalized_match
Honolulu Disposal Service,HONOLULU DISPOSAL SERVICE,exact_match
"Honolulu Disposal Service, Inc.",HONOLULU DISPOSAL SERVICE,normalized_match
Mecham's Country Garbage,Mecham's Country Garbage,exact_match
Navajo Sanitation,Navajo Sanitation Inc.,normalized_match
"NAVAJO SANITATION, INC.",Navajo Sanitation Inc.,normalized_match
TBS WASTE LLC,TBS Waste LLC,exact_match
Frontier Waste,Frontier Waste,exact_match
FRONTIER WASTE - DAYTON,Frontier Waste -Dayton,normalized_match
"GARDEN ISLE DISPOSAL, INC","GARDEN ISLE DISPOSAL, INC",exact_match
WASTE PRO HAWAII,Waste Pro - Hawaii,normalized_match
"WASTE PRO HAWAII, LLC",Waste Pro - Hawaii,normalized_match
BFI Waste Services,BFI Waste Services,exact_match
Town & Country Sanitation Inc,TOWN & COUNTRY SANITATION,normalized_match
Durflinger Disposal Service,Durflinger Disposal Service,exact_match
"DURFLINGER DISPOSAL SERVICE, INC.",Durflinger Disposal Service,normalized_match
"Houston Waste Services, LLC",Houston Waste Services,normalized_match
"Liberty Disposal, Inc.",Liberty Disposal LLC,normalized_match
"Liberty Disposal, Inc.-AZ",LIBERTY DISPOSAL - AZ,normalized_match
RECOLOGY PORTLAND,Recology-Portland,normalized_match
Palm Springs Disposal Services,PALM SPRINGS DISPOSAL SERVICES,exact_match
BASIN DISPOSAL INC,Basin Disposal Inc,exact_match
"BASIN DISPOSAL, INC.",Basin Disposal Inc,normalized_match
Arrowhead Waste Services,Arrowhead Waste Services,exact_match
"Valley Vista Services, Inc.",Valley Vista Services,normalized_match
Tonto Basin Sanitation,Tonto Basin Sanitation,exact_match
STANDARD WASTE SERVICES,STANDARD WASTE SERVICES,exact_match
WASATCH INTEGRATED waste management district,Wasatch Integrated Waste Management District,exact_match
Waste Pro,Waste Pro,manual_override
Ada County,Ada County,exact_match
CITY OF YUMA,"City of Yuma, CO",normalized_match
HOWIE'S TRASH SERVICE,Howie's Trash Service,exact_match
"Tiger Sanitation, LLC",TIGER SANITATION,normalized_match
Garden State Waste Management,GARDEN STATE WASTE MANAGEMENT,exact_match
"RDT, INC.","RDT, Inc.",exact_match
Junk Authority Hawaii LLC,Junk Authority Hawaii LLC,exact_match
"MOUNTAIN DISPOSAL, INC.",Mountain Disposal,normalized_match
Valley Sanitation LLC,VALLEY SANITATION,normalized_match
"HILL COUNTRY WASTE SOLUTIONS, L.L.C",Hill Country Waste Solutions,normalized_match
£ Athens Services,Athens Services,normalized_match
NASA Services,NASA SERVICES,exact_match
VISTA RECYCLING INC,Vista Recycling,normalized_match
Vista Recycling,Vista Recycling,exact_match
City of Meridian,City of Meridian,exact_match
Redgate Disposal LLC,Redgate Disposal LLC,exact_match
Republic Services,Republic Services,manual_override
FRONTIER WASTE - MCKINNEY,Frontier Waste - McKinney,exact_match
Big Bear Community Services District,Big Bear Community Services District,exact_match
VALLEY VISTA SERVICES,Valley Vista Services,exact_match
Circle Sanitation,"Circle Sanitation, Inc",normalized_match
Circle Sanitation Inc,"Circle Sanitation, Inc",normalized_match
"TRASH TAXI OF GA., LLC",Trash Taxi of GA,normalized_match
"AL CLAWSON DISPOSAL, INC.",AL Clawson Disposal,normalized_match
City of Nampa,City of Nampa,exact_match
JunkAppliance.com,JunkAppliance.com,exact_match
Jay Mecham's COUNTRY GARBAGE,Jay Mecham's Country Garbage,exact_match
SANITATION SOLUTIONS INC.,Sanitation Solutions,normalized_match
"SANITATION SOLUTIONS, INC.",Sanitation Solutions,normalized_match
Alaska Waste,Alaska Waste,exact_match
TOWN OF LIMON,Town of Limon CO,normalized_match
"MR & E, Inc.","MR&E, Inc",normalized_match
IDAWY SOLID WASTE DISTRICT BEAR LAKE REGION,IDAWY Solid Waste District Bear Lake Region,exact_match
ESCONDIDO DISPOSAL INC.,Escondido Disposal,normalized_match
Tims Trash Service,Tims Trash Service,exact_match
City of Dumas,City of Dumas,exact_match
CITY OF DUMAS,City of Dumas,exact_match
Republic Services #620,Republic Services #620,exact_match
Anaconda Disposal,Anaconda Disposal,exact_match
Granite Disposal,Granite Disposal,exact_match
Marborg Industries,Marborg Industries,exact_match
"E.J. HARRISON & SONS, INC",E. J. Harrison & Sons,normalized_match
TORREZ SANITATION LLC,Torrez Sanitation LLC,exact_match
"E. J. HARRISON & SONS, INC",E. J. Harrison & Sons,normalized_match
MarBorg INDUSTRIES,Marborg Industries,exact_match
Sanitary Service Company,Sanitary Service Company,exact_match
Rubatino REFUSE REMOVAL LLC.,Rubatino Refuse Removal,normalized_match
Commercial Sanitation,Commercial Sanitation,exact_match
Roadrunner Sanitation,Roadrunner Sanitation,exact_match
"American Waste Control, Inc","American Waste Control, Inc",exact_match
ROADRUNNER SANITATION,Roadrunner Sanitation,exact_match
City of Riverton,City of Riverton,exact_match
"ECONO WASTE, INC",Econo Waste Inc,normalized_match
1-800 Got Junk,1-800-GOT-JUNK National,manual_override
All American Disposal,All American Disposal,exact_match
RICH COUNTY SANITATION,Rich County Sanitation,exact_match
Rich County Sanitation,Rich County Sanitation,exact_match
City of Enumclaw,City of Enumclaw,exact_match
Myers CONTAINER SERVICE CORP.,Myers Container Service Corp,normalized_match
DuMontelle Waste LLC,"DuMontelle Waste, LLC",normalized_match
Best Cleaner Disposal Inc.,Best Cleaner Disposal,normalized_match
Bud's clean Up Service,"Bud's Clean Up Service, inc",normalized_match
Consolidated Disposal Services,Consolidated Disposal Services Inc,normalized_match
Miller Enterprises Inc,Miller Enterprises,normalized_match
"City of Boise, ID","City of Boise, ID",exact_match
K & K SANITATION,"K&K Sanitation, Inc",normalized_match
K&K Sanitation,"K&K Sanitation, Inc",normalized_match
Roosevelt City,Roosevelt City,exact_match
City of Green River,City of Green River,exact_match
Red Can Sanitation,Red Can Sanitation,exact_match
Kaysville City,Kaysville City,exact_match
Hughes Waste Haulers Inc.,Hughes Waste Haulers,normalized_match
Tiger Sanitation,TIGER SANITATION,exact_match
"Olcese Waste Services, Inc.",Olcese Waste Services,normalized_match
South Tahoe Refuse,"South Tahoe Refuse Co., Inc",normalized_match
Tahoe Basin Container & Recycling Services,Tahoe Basin Container & Recycling Services,exact_match
D & S Waste Removal,D & S Waste Removal,exact_match
"D & S WASTE REMOVAL, INC.",D & S Waste Removal,normalized_match
"D&S WASTE REMOVAL, INC.",D & S Waste Removal,normalized_match
WASTE DISPOSAL,"Waste Disposal, LLC",normalized_match
Republic Services Inc.,Republic Services,normalized_match
IDAHO FALLS UTILITIES City of Idaho Falls,Idaho Falls Utilities - City of Idaho Falls,normalized_match
"Hughes & Sons, Inc",Hughes & Sons Inc,normalized_match
Delta Garbage Service,Delta Garbage Service,exact_match
Western Kane County,Western Kane County,exact_match
Best Pick Disposal,Best Pick Disposal Inc,normalized_match
BEST PICK DISPOSAL INC,Best Pick Disposal Inc,exact_match
KAIBAB BAND OF PAIUTE INDIANS,Kaibab Band of Paiute Indians,exact_match
HOLT WASTE,HOLT WASTE,exact_match
"Hoss Disposal, Inc.","Hoss Disposal, Inc",normalized_match
BLUE HILLS ENVIRONMENTAL,Blue Hills Environmental,exact_match
Countryside Disposal,Countryside Disposal,exact_match
Heavenly Trash Inc,Heavenly Trash,normalized_match
VANDERPOEL DISPOSAL,Vanderpoel Disposal,exact_match
Nitti Sanitation,"NITTI SANITATION, INC",normalized_match
BNB Disposal LLC,BnB Disposal LLC,exact_match
CIRCLE SANITATION,"Circle Sanitation, Inc",normalized_match
"MID-NEBRASKA DISPOSAL, INC.",Mid-Nebraska Disposal Inc,normalized_match
RTS Waste Services,RTS Waste Services LLC,normalized_match
AREA SANITATION,Area Sanitation,exact_match
MOLER SANITATION,Moler Sanitation,exact_match
Ozark Disposal Company,Ozark Disposal Company,exact_match
Brothers Disposal,Brothers Disposal,exact_match
MIEDEMA Sanitation INC,MIEDEMA SANITATION,normalized_match
Miedema Sanitation,MIEDEMA SANITATION,exact_match
Jay Mecham's Country Garbage LLC,Jay Mecham's Country Garbage,normalized_match
CITY OF BLACKFOOT,City of Blackfoot,exact_match
City of Blackfoot,City of Blackfoot,exact_match
"Snake River Dispose-All, Inc.",Snake River Dispose-All,normalized_match
C & D Disposal,C&D Disposal,normalized_match
Miles City Sanitation,MILES CITY SANITATION,exact_match
C&D Disposal,C&D Disposal,exact_match
Rubbage Control,Rubbage Control,exact_match
Belmont Waste Disposal,Belmont Waste Disposal,exact_match
VISTA RECYCLING,Vista Recycling,exact_match
City of Lordsburg,City of Lordsburg,exact_match
1-800-GOT-JUNK,1-800-GOT-JUNK National,manual_override
South Central Junk Removal,South Central Junk Removal LLC,normalized_match
Dependable Sanitation Inc,Dependable Sanitation Inc,exact_match
ADVANCE MACHINE & HYDRAULIC,Advance Machine & Hydraulic,exact_match
MARICK'S WASTE DISPOSAL INC.,MARICK'S WASTE DISPOSAL INC,normalized_match
City of Sierra Vista,City of Sierra Vista,exact_match
Hawaii Junk Removal,Hawaii Junk Removal,exact_match
"WEST OAHU AGGREGATE CO., INC.",West Oahu Aggregate,normalized_match
RAD CURBSIDE,RAD Curbside,exact_match
Edge Waste,Edge Waste,exact_match
CITY OF ST ANTHONY,City of St. Anthony,normalized_match
City of St. Anthony,City of St. Anthony,exact_match
City of St Anthony,City of St. Anthony,normalized_match
Louisiana Waste Systems,Louisiana Waste Systems,exact_match
B&L Disposal,B&L Disposal,exact_match
KOHLMORGAN HAULING,Kohlmorgan Hauling,exact_match
Tahoe Truckee Sierra Disposal,Tahoe Truckee Sierra Disposal,exact_match
"Earthbound Environmental Solutions, LLC","Earthbound Environmental Solutions, LLC",exact_match
Best Cleaner Disposal,Best Cleaner Disposal,exact_match
Big Bear Disposal Inc,Big Bear Disposal,normalized_match
"Big Bear Disposal, Inc.",Big Bear Disposal,normalized_match
"MR & E, INC.","MR&E, Inc",normalized_match
Sulpher Springs Sanitation LLC,Sulpher Springs Sanitation,normalized_match
Town of Diamondville,Town of Diamondville,exact_match
NITTI SANITATION,"NITTI SANITATION, INC",normalized_match
CheckSammy,CheckSammy,exact_match
AM Disposal,AM DIsposal,exact_match
Kluesner Sanitation,Kluesner Sanitation,exact_match
McGree Trucking,MCGREE TRUCKING,exact_match
City of Killeen,City of Killeen,exact_match
A&C WASTE COLLECTION,A&C Waste Collection,exact_match
L&L Site Services,"L&L Site Services, Inc.",normalized_match
"L&L Site Services, Inc","L&L Site Services, Inc.",normalized_match
Herbert Emery Sanitation,Herbert Emery Sanitation LLC,normalized_match
Porter Trash Service,Porter Trash Service,exact_match
ED'S disposal,Ed's Disposal Inc,normalized_match
City of Willcox,City of Willcox,exact_match
HUMPTY DUMPSTERS,Humpty Dumpsters,exact_match
City of Grand Junction,City of Grand Junction,exact_match
Apex Waste Vail Valley,Apex Waste - Vail Valley,normalized_match
Bainbridge Disposal,Bainbridge Disposal,exact_match
Mountain Disposal,Mountain Disposal,exact_match
SONORAN RANCH SERVICES,Sonoran Ranch Services,exact_match
Sonoran Ranch Services,Sonoran Ranch Services,exact_match
WASTE CONNECTIONS OF TEXAS LLC,Waste Connections of Texas,normalized_match
Barela Junk Removal,Barela Junk Removal,exact_match
AAA Disposal,AAA Disposal,exact_match
Waste & Recycling,"Waste Recycling, Inc",normalized_match
JETTISON ENVIRONMENTAL,JETTISON ENVIRONMENTAL,exact_match
"Heartland Waste Management, Inc.","Heartland Waste Management, Inc",normalized_match
City of Aztec,City of Aztec,exact_match
CITY of DURANGO,City of Durango - CO,normalized_match
City of Durango,City of Durango - CO,normalized_match
UNITED STATES DISPOSAL SERVICE,United States Disposal Service,exact_match
CITY OF FARGO,City of Fargo,exact_match
CITY OF MERIDIAN,City of Meridian,exact_match
"E J HARRISON & SONS, INC",E. J. Harrison & Sons,normalized_match
Pop and Son Trucking,Pop and Son Trucking,exact_match
EAST CENTRAL KANSAS REFUSE,East Central Kansas Refuse,exact_match
GREEN ENVIRONMENTAL SERVICES,Green Environmental Services,exact_match
Town of Wheatland,Town of Wheatland,exact_match
North Country Clean-Up,North Country Clean-Up,exact_match
Eco Sanitation LLC,Eco Sanitation,normalized_match
"HUGILL SANITATION, INC.",HUGILL SANITATION,normalized_match
Rapid Removal Disposal,Rapid Removal Disposal,exact_match
BUD'S CLEAN UP SERVICE,"Bud's Clean Up Service, inc",normalized_match
Universal Waste Systems INC,UNIVERSAL WASTE SYSTEMS,normalized_match
CITY OF BEATRICE,City of Beatrice,exact_match
Earthwise Waste Solutions,Earthwise Waste Solutions,exact_match
City of Dickinson,City of Dickinson,exact_match
Hopper Disposal Inc.,Hopper Disposal,normalized_match
TRI-CITY DISPOSAL,Tri-City Disposal,exact_match
CITY OF CLAREMONT,City of Claremont,exact_match
Modern Disposal Systems LLC,Modern Disposal Systems,normalized_match
CARDS EASTERN OK,Cards Eastern OK,exact_match
BLUE HILLS ENVIRONMENTAL INC.,Blue Hills Environmental,normalized_match
"American Recycling & Sanitation,","American Recycling & Sanitation, Inc",normalized_match
"American Recycling & Sanitation, Inc.","American Recycling & Sanitation, Inc",normalized_match
Heavenly Trash,Heavenly Trash,exact_match
Southern Sanitation,Southern Sanitation,exact_match
"LRS, LLC",LRS,normalized_match
City of Kirkland WA,City of Kirkland WA,exact_match
Tomahawk Disposal,Tomahawk Disposal,exact_match
Serious Sanitation Inc,Serious Sanitation,normalized_match
Western Disposal Services,Western Disposal Services,exact_match
Basin Junk Removal,Basin Junk Removal LLC,normalized_match
Waste Advantage,Waste Advantage,exact_match
Midwest Sanitation & recycling,Midwest Sanitation & Recycling,exact_match
CITY OF Grand Junction,City of Grand Junction,exact_match
"Golden Valley Disposal, LLC",Golden Valley Disposal,normalized_match
STUTZMAN REFUSE DISPOSAL,Stutzman Refuse Disposal Inc.,normalized_match
Mike's Rubbish and Recycling,Mike's Rubbish and Recycling,exact_match
City of Emporia,City of Emporia,exact_match
LOCAL SANITATION,Local Sanitation,exact_match
United Waste Systems,United Waste Systems,exact_match
EXCESS DISPOSAL,Excess Disposal,exact_match
"Excess Disposal, Inc",Excess Disposal,normalized_match
Gary's Garbage Services,Gary's Garbage Services LLC,normalized_match
Steve's Sanitation,"Steve's Sanitation, Inc",normalized_match
"STEVE'S SANITATION, INC.","Steve's Sanitation, Inc",normalized_match
R & W Container,R&W container,normalized_match
WESTSIDE DISPOSAL,Westside Disposal,exact_match
CITY OF SHERMAN,City of Sherman,exact_match
Town of Wickenburg,Town of Wickenburg,exact_match
"Sunrise Sanitation Service, Inc.",Sunrise Sanitation Service Inc.,normalized_match
INGRUM WASTE DISPOSAL,Ingrum Waste Disposal,exact_match
"INGRUM WASTE DISPOSAL, INC.",Ingrum Waste Disposal,normalized_match
BUSY BEE DISPOSAL INC,Busy Bee Disposal,normalized_match
ABS Sanitation,ABS Sanitation,exact_match
"Chism's Trash Service, Inc.",Chism's Trash Service,normalized_match
Chism's Trash Service,Chism's Trash Service,exact_match
"DAYNE'S WASTE DISPOSAL, INC",Dayne's Waste Disposal,normalized_match
"Dan's Sanitation, Inc.","DAN'S SANITATION, INC",normalized_match
Maverick Waste Systems,Maverick Waste Systems,exact_match
Burrtec Waste Industries,"Burrtec Waste Industries, Inc",normalized_match
1-800-GOT-JUNK?,1-800-GOT-JUNK National,manual_override
"American Waste Control, Inc.","American Waste Control, Inc",normalized_match
LIBERTY DISPOSAL,Liberty Disposal LLC,normalized_match
ROSEBURG DISPOSAL,Roseburg Disposal,exact_match
"South Tahoe Refuse Co., Inc","South Tahoe Refuse Co., Inc",exact_match
City of Ashton,City of Ashton,exact_match
Wingfield Service,Wingfield Service,exact_match
"TRASH TAXI OF GA.,LLC",Trash Taxi of GA,normalized_match
Lollar Junk Removal,Lollar Junk Removal,exact_match
CENTRAL ILLINOIS DISPOSAL,Central Illinois Disposal,exact_match
City of Mesa,City of Mesa,exact_match
T & G Sanitation,T&G Sanitation,normalized_match
Desert Green Disposal and Industrial LLC,Desert Green Disposal and Industrial,normalized_match
"Virgin Valley Disposal, Inc.","Virgin Valley Disposal, Inc",normalized_match
"SHULAR'S TRASH SERVICE, LLC",Shular's Trash Service,normalized_match
Clean Slate Services,Clean Slate Services,exact_match
Desert Valley Disposal,Desert Valley Disposal,exact_match
ROYAL SANITATION,Royal Sanitation LLC,normalized_match
Junk B Gone,Junk B Gone,exact_match
Business Services Hawaii,Business Services Hawaii,exact_match
AMERIWASTE LEAGUE CITY,Ameriwaste League City,exact_match
Sunshine Disposal & Recycling,Sunshine Disposal & Recycling,exact_match
Sunshine Disposal & Recycling*,Sunshine Disposal & Recycling,normalized_match
Sunshine Disposal & Recycling®,Sunshine Disposal & Recycling,normalized_match
HOMETOWN SANITATION SERVICES LLC,"HOMETOWN SANITATION SERVICES, LLC",normalized_match
Hometown SANITATION SERVICES LLC,"HOMETOWN SANITATION SERVICES, LLC",normalized_match
"MID SOUTH WASTE DISPOSAL, INC.",Mid South Waste Disposal,normalized_match
United Rentals,United Rentals,exact_match
Robinson Waste Services-Utah,Robinson Waste Services-Utah,exact_match
Cook Sanitation,Cook Sanitation,exact_match
Best Cleaner Disposal inc.,Best Cleaner Disposal,normalized_match
WEMIGA WASTE INC.,Wemiga Waste,normalized_match
"A&W IRON & METAL, INC.","A&W Iron & Metal, Inc",normalized_match
APPLE VALLEY WASTE,Apple Valley Waste,exact_match
"Burrtec Waste Industries, Inc","Burrtec Waste Industries, Inc",exact_match
Capital Area Refuse LLC,Capital Area Refuse,normalized_match
DUGGER TRASH SERVICE,Dugger Trash Service,exact_match
"PETE & PETE CONTAINER SERVICE, INC.","Pete & Pete Container Service, Inc",normalized_match
Standard Waste Services,STANDARD WASTE SERVICES,exact_match
Centennial Park Disposal,Centennial Park Disposal,exact_match
J & M Sanitation,J&M Sanitation,normalized_match
Real Waste Solutions. LLC.,Real Waste Solutions,normalized_match
Town of Lusk,Town of Lusk,exact_match
Oak Disposal Services,Oak Disposal Services,exact_match
Thompson Sanitation,Thompson Sanitation,exact_match
City of Meridian -,City of Meridian,normalized_match
CITY OF RIVERTON,City of Riverton,exact_match
City of RED WING,City of RED WING,exact_match
City of Red Wing,City of RED WING,exact_match
Town of Dutch John,Town of Dutch John,exact_match
Sutter Disposal,Sutter Disposal,exact_match
Waste Harmonics,"Waste Harmonics, LLC",normalized_match
Kohlmorgan Hauling,Kohlmorgan Hauling,exact_match
City of Jacksonville,City of Jacksonville,exact_match
"Craven Ag Services, Inc.","Craven Ag Services, Inc",normalized_match
Sphuler Disposal,Sphuler Disposal,exact_match
ROBINSON WASTE SERVICES - UTAH,Robinson Waste Services-Utah,normalized_match
Walters Sanitary Service,"Walters Sanitary Service, Inc",normalized_match
ROOSEVELT CITY,Roosevelt City,exact_match
SANITATION SOLUTIONS INC,Sanitation Solutions,normalized_match
Town of Gardnerville,Town of Gardnerville,exact_match
BYRE BROTHERS INC.,Byre Brothers Inc,normalized_match
City of Caldwell,City of Caldwell,exact_match
AT Disposal,AT Disposal,exact_match
"Grogan Waste Services, LLC","GROGAN WASTE SERVICES, LLC",exact_match
DARLING INGREDIENTS INC.,Darling Ingredients,normalized_match
Kootenai County Solid Waste,KOOTENAI COUNTY SOLID WASTE,exact_match
Western Waste Services,"Western Waste Services, Inc",normalized_match
GENTRY Trash,Gentry Trash,exact_match
Lakers New Prague Sanitary,Lakers New Prague Sanitary Inc,normalized_match
Lakers New Prague Sanitary Inc,Lakers New Prague Sanitary Inc,exact_match
"A TEAM Disposal, LLC","A Team Disposal, LLC",exact_match
"SGS, LLC dba Carroll Refuse Service",SGS LLC DBA Carroll Refuse Service,normalized_match
Lemhi Sanitation,LEMHI SANITATION,exact_match
EDGE WASTE,Edge Waste,exact_match
Timberline LLC,Timberline LLC,exact_match
Thomas Refuse,Thomas Refuse,exact_match
"CONTROL WASTE SERVICES, LLC","Control Waste Services, LLC",exact_match
"C. STONEHAM, INC.",C. Stoneham Inc,normalized_match
Cressman Sanitation,Cressman Sanitation,exact_match
Wompost LLC,Wompost,normalized_match
"Wompost, LLC",Wompost,normalized_match
"Gateway Disposal, LLC",Gateway Disposal,normalized_match
"Sutton Disposal Service, LLC",Sutton Disposal Service LLC,normalized_match
Gateway Disposal,Gateway Disposal,exact_match
AAA disposal,AAA Disposal,exact_match
"Service Recycling, LLC.",Service Recycling,normalized_match
CARDS MO LLC,"CARDS MO, LLC",normalized_match
RTS Waste Services LLC,RTS Waste Services LLC,exact_match
GRACE HAULING,Grace Hauling,exact_match
"Stanphill Sanitation, LLC.",Stanphill Sanitation LLC,normalized_match
"Family Trash Service, Inc",Family Trash Service Inc,normalized_match
SWINGER SANITATION,SWINGER SANITATION,exact_match
Sparks Junk Removal & Hauling,Sparks Junk Removal & Hauling,exact_match
City of Arkadelphia,City of Arkadelphia,exact_match
CARDS DARDANELLE,CARDS DARDANELLE,exact_match
American Sanitation,American Sanitation Inc.,normalized_match
Interstate Waste Services,Interstate Waste Services,exact_match
"Interstate Waste Services, Inc.",Interstate Waste Services,normalized_match
"GOLDEN ENVIRONMENTAL, LLC",GOLDEN ENVIRONMENTAL,normalized_match
Olson Sanitation Inc,Olson Sanitation,normalized_match
Commonwealth Waste Solutions,Commonwealth Waste Solutions,exact_match
Tri-City Disposal,Tri-City Disposal,exact_match
Hillside Solutions,Hillside Solutions,exact_match
CAPITAL CITY Refuse,Capital City Refuse,exact_match
Ace Sanitation Service,Ace Sanitation Service Inc.,normalized_match
Ace Sanitation Service Inc,Ace Sanitation Service Inc.,normalized_match
Recology Clackamas,Recology Clackamas,exact_match
COGENT WASTE SOLUTIONS LLC,Cogent Waste Solutions,normalized_match
Sound Disposal Inc.,Sound Disposal Inc.,exact_match
"SOUND DISPOSAL, INC.",Sound Disposal Inc.,normalized_match
HOMETOWN SANITATION LLC,"Hometown Sanitation, LLC",normalized_match
HOMETOWN SANITATION LLC.,"Hometown Sanitation, LLC",normalized_match
Pullman Disposal Service,Pullman Disposal Service,exact_match
IEM INC.,IEM Inc,normalized_match
Basin Haulage,Basin Haulage,exact_match
Coos Bay Sanitary Service,Coos Bay Sanitary Service,exact_match
Cottage Grove Garbage Service,Cottage Grove Garbage Service Inc.,normalized_match
"COTTAGE GROVE GARBAGE SERVICE, INC.",Cottage Grove Garbage Service Inc.,normalized_match
Sutherlin Sanitary Service,Sutherlin Sanitary Service LLC,normalized_match
SUTHERLIN SANITARY SERVICE LLC.,Sutherlin Sanitary Service LLC,normalized_match
"Dan Walker Disposal Service, Inc.",Dan Walker Disposal Service Inc.,normalized_match
Apex Recycling & Disposal,Apex Recycling & Disposal,exact_match
GRESHAM SANITARY SERVICE INC,Gresham Sanitary Service,normalized_match
GRESHAM SANITARY SERVICE INC.,Gresham Sanitary Service,normalized_match
"GRESHAM SANITARY SERVICE, INC.",Gresham Sanitary Service,normalized_match
Hillsboro Garbage Disposal,Hillsboro Garbage Disposal Inc.,normalized_match
Pride DISPOSAL COMPANY,Pride Disposal Company,exact_match
WASTE-PRO,Waste Pro,normalized_match
North Lincoln Sanitary Service,North Lincoln Sanitary Service,exact_match
Pacific Sanitation Inc.,Pacific Sanitation Inc.,exact_match
Pacific Sanitation,Pacific Sanitation Inc.,normalized_match
THOMPSON'S SANITARY SERVICE,THOMPSON'S SANITARY SERVICE,exact_match
Thompson's Sanitary Service,THOMPSON'S SANITARY SERVICE,exact_match
"THOMPSON'S SANITARY SERVICE, INC",THOMPSON'S SANITARY SERVICE,normalized_match
Heiberg GARBAGE & RECYCLING,Heiberg Garbage & Recycling,exact_match
HEIBERG GARBAGE & RECYCLING,Heiberg Garbage & Recycling,exact_match
Roseburg Disposal,Roseburg Disposal,exact_match
PRIDE DISPOSAL COMPANY,Pride Disposal Company,exact_match
CITY SANITARY SERVICE,City Sanitary Service,exact_match
City of Laramie,City of Laramie,exact_match
"Key Disposal & Recycling, Inc.",Key Disposal & Recycling,normalized_match
Mt. Diablo Resource Recovery,MT. DIABLO RESOURCE RECOVERY,exact_match
First Piedmont,FIRST PIEDMONT,exact_match
RECOLOGY SUNSET SCAVENGER,Recology Sunset Scavenger,exact_match
Same Day Dumpsters,Same Day Dumpsters,exact_match
"CALIFORNIA WASTE RECOVERY SYSTEMS, LLC",CALIFORNIA WASTE RECOVERY SYSTEMS LLC,normalized_match
RECOLOGY AUBURN PLACER,Recology-Auburn Placer,normalized_match
Recology-Auburn Placer,Recology-Auburn Placer,exact_match
Mt Diablo Resource Recovery,MT. DIABLO RESOURCE RECOVERY,normalized_match
Recology Del Norte,RECOLOGY-DEL NORTE,normalized_match
Amador Valley Industries,Amador Valley Industries,exact_match
"AMADOR VALLEY INDUSTRIES, LLC",Amador Valley Industries,normalized_match
RECOLOGY HUMBOLDT COUNTY,RECOLOGY-HUMBOLDT COUNTY,normalized_match
Recology Humboldt County,RECOLOGY-HUMBOLDT COUNTY,normalized_match
RECOLOGY EEL RIVER,Recology Eel River,exact_match
Gilton Solid Waste Management,Gilton Solid Waste Management,exact_match
"NAPA RECYCLING & WASTE SERVICES, LLC","Napa Recycling & Waste Services, LLC",exact_match
"NORTHERN RECYCLING & WASTE SERVICES, LLC",Northern Recycling & Waste Services,normalized_match
ATLAS DISPOSAL,"Atlas Disposal, LLC",normalized_match
Yreka Transfer,Yreka Transfer,exact_match
"Yreka Transfer, LLC",Yreka Transfer,normalized_match
CITY OF DALY CITY,City of Daly City,exact_match
Mission Trail Waste Systems,Mission Trail Waste Systems,exact_match
RECOLOGY OF THE COAST,Recology of the Coast,exact_match
Recology Sonoma Marin,RECOLOGY-SONOMA MARIN,normalized_match
Recology - Cleanscape - South Bay,Recology-Cleanscape-South Bay,normalized_match
Burrtec Waste Industries Inc,"Burrtec Waste Industries, Inc",normalized_match
WASTE PRO Caring For Our Communities,Waste Pro,manual_override
WASTE PRO - Pembroke Pines 117,Waste Pro - Pembroke Pines 117,exact_match
Mid South Waste Disposal Inc.,Mid South Waste Disposal,normalized_match
"Mid South Waste Disposal, Inc",Mid South Waste Disposal,normalized_match
"Mid South Waste Disposal, Inc.",Mid South Waste Disposal,normalized_match
Texas Shred,Texas Shred,exact_match
121 DISPOSAL COMPANY,121 Disposal Company,exact_match
"WG Waste, LLC",WG Waste,normalized_match
Renewable Resources,"Renewable Resources, LLC",normalized_match
"Larry D. Marshall Disposal, Inc.",Larry D. Marshall Disposal Inc,normalized_match
Green River Waste,Green River Waste,exact_match
Renewable RESOURCES LLC,"Renewable Resources, LLC",normalized_match
"Anytime Portables, Inc.",Anytime Portables,normalized_match
PENINSULA REFUSE,PENINSULA REFUSE,exact_match
Peninsula Refuse,PENINSULA REFUSE,exact_match
PETE & PETE CONTAINER SERVICE,"Pete & Pete Container Service, Inc",normalized_match
"Emfinger Steel Company, Inc.",Emfinger Steel Company Inc,normalized_match
Action Welding Inc,Action Welding Inc,exact_match
Woods Hauling Service,Woods Hauling Service,exact_match
Tate Services,Tate Services Inc,normalized_match
"Reed Maintenance Services, Inc.",Reed Maintenance Services,normalized_match
"Waste Recycling, Inc.","Waste Recycling, Inc",normalized_match
Happen Ventures LLC,Happen Ventures LLC,exact_match
City of Winfield,City of Winfield,exact_match
BLUE MOON SANITATION,Blue Moon Sanitation,exact_match
"Blue Moon Sanitation, LLC",Blue Moon Sanitation,normalized_match
Joseph J Brunner,Joseph J. Brunner Inc,normalized_match
"Joseph J. BRUNNER, INC.",Joseph J. Brunner Inc,normalized_match
Waste Removal and Recycling,"Waste Removal and Recycling, Inc",normalized_match
WG Waste LLC,WG Waste,normalized_match
WG WASTE,WG Waste,exact_match
WG Waste,WG Waste,exact_match
WASTE CONNECTIONS METHVIN SANITATION,Waste Connections - Methvin Sanitation,normalized_match
Cook Maintenance,Cook Maintenance,exact_match
GARLAND COUNTY LANDFILL,Garland County Landfill,exact_match
Madden Sanitation Inc,Madden Sanitation Inc,exact_match
William Branscum,William Branscum,exact_match
Citishred,CitiShred,exact_match
The Shred Truck,The Shred Truck,exact_match
"Murtha Sanitation, Inc.",Murtha Sanitation,normalized_match
HARTER'S Quick Clean-Up,Harter's Quick Clean Up,normalized_match
DC Waste & Recycling,"DC Waste & Recycling, Inc",normalized_match
Hamilton Alliance,"Hamilton Alliance, Inc",normalized_match
City of Claremont,City of Claremont,exact_match
CITY OF FLAGSTAFF,City of Flagstaff,exact_match
Waste Management National,Waste Management - National,normalized_match
Flag Hauling,Flag Hauling LLC,normalized_match
S&S METALS,"S&S Metals, Inc",normalized_match
"COPPER STATE SANITATION, INC.",COPPER STATE SANITATION,normalized_match
Granite Mountain Haulers,Granite Mountain Haulers,exact_match
WASTE DISPOSAL LLC,"Waste Disposal, LLC",normalized_match
S&S Metals,"S&S Metals, Inc",normalized_match
The Trash Man,The Trash Man,exact_match
Doll's Disposal LLC,Doll's Disposal,normalized_match
Casella,Casella Waste,manual_override
T & S TRASH SERVICE,T & S Trash Service,exact_match
Waste Services LLC,Waste Services,normalized_match
City of Eagle Pass,City of Eagle Pass,exact_match
Two Men and a Junk Truck,Two Men and a Junk Truck,exact_match
Granger Waste Services,GRANGER WASTE SERVICES,exact_match
ARROW WASTE,Arrow Waste,exact_match
Allen Disposal,Allen Disposal,exact_match
Ryland Environmental,RYLAND ENVIRONMENTAL,exact_match
"JLT Trucking, Inc.",JLT Trucking,normalized_match
AREA REFUSE SERVICE,Area Refuse Service,exact_match
"Amber's Disposal, LLC.","Amber's Disposal, LLC",normalized_match
"Chambersburg Waste Paper Co., Inc.",CHAMBERSBURG WASTE PAPER,normalized_match
J.P. Mascaro &,J.P. Mascaro,normalized_match
"BURGMEIER'S HAULING, INC.",BURGMEIER'S HAULING INC,normalized_match
COUNTY HAULING,County Hauling,exact_match
City of Jackson,City of Jackson,exact_match
Waste Pro - Meridian 602,Waste Pro - Meridian 602,exact_match
Waste Pro -Meridian 602,Waste Pro - Meridian 602,normalized_match
WASTE PRO®,Waste Pro,normalized_match
LIBERTY WASTE SOLUTIONS,Liberty Waste Solutions,exact_match
Waste Pro - Atlanta 202,Waste Pro - Atlanta 202,exact_match
Trash Control Inc,"TRASH CONTROL, INC",normalized_match
J Young Refuse,J. Young Refuse,normalized_match
J. Young Refuse,J. Young Refuse,exact_match
Tom Danley Disposal LLC,Tom Danley Disposal. LLC,normalized_match
Basin Disposal,Basin Disposal Inc,normalized_match
"Basin Disposal, Inc.",Basin Disposal Inc,normalized_match
"C & S Disposal, Inc.",C&S Disposal,normalized_match
"WASTE SERVICES, INC.",Waste Services,normalized_match
Mountain High Disposal,Mountain High Disposal,exact_match
"Penn Waste, Inc.","Penn Waste, Inc.",exact_match
Kimble Companies,Kimble Companies,exact_match
J P Mascaro,J.P. Mascaro,normalized_match
Deep South Sanitation LLC,"Deep South Sanitation, LLC",normalized_match
Waste Pro - New Orleans 604,Waste Pro - New Orleans 604,exact_match
ACADIANA WASTE SERVICES,"Acadiana Waste Services, LLC",normalized_match
Westrock,WestRock,exact_match
Shred-It,Shred-it,exact_match
"Marpan Supply Co,. Inc.",MARPAN SUPPLY CO,normalized_match
"Mike Spano & Sons, Inc.","Mike Spano & Sons, Inc.",exact_match
TFC Recycling,TFC Recycling,exact_match
Disposal Services LLC,"Disposal Services, LLC",normalized_match
First Capital Salvage,First Capital Salvage,exact_match
"PRO DISPOSAL, INC.",Pro Disposal,normalized_match
CASELLA WASTE SYSTEMS INC,CASELLA WASTE SYSTEMS,normalized_match
Gerber's Inc.,GERBER'S INC,normalized_match
Equipment Enterprises,"Equipment Enterprises, LLC",normalized_match
Green Guys Recycling Solutions,"Green Guys Recycling Solutions, LLC",normalized_match
Green Guys Recycling Solutions LLC,"Green Guys Recycling Solutions, LLC",normalized_match
PASCON,"PASCON, LLC",normalized_match
"AMERICAN DISPOSAL SERVICES, INC.",American Disposal Services,normalized_match
Chrin Hauling Inc,CHRIN HAULING,normalized_match
1-800-Got Junk,1-800-GOT-JUNK National,manual_override
Veolia ES Technical Solutions,"VEOLIA ES TECHNICAL SOLUTIONS, LLC",normalized_match
Borowide,BOROWIDE,exact_match
"Waste Services, Inc.",Waste Services,normalized_match
"EarthSavers, LLC",EarthSavers LLC,normalized_match
FLORIDA WASTE SOLUTIONS,Florida Waste Solutions,exact_match
Greenbrier Valley Solid Waste Inc,GREENBRIER VALLEY SOLID WASTE,normalized_match
"Florida Waste Solutions, LLC",Florida Waste Solutions,normalized_match
3R Technology,3R Technology,exact_match
"3R TECHNOLOGY, LLC",3R Technology,normalized_match
Total Reclaim,Total Reclaim,exact_match
Total Reclaim Inc,Total Reclaim,normalized_match
"TOTAL RECLAIM, INC.",Total Reclaim,normalized_match
3R Technology LLC,3R Technology,normalized_match
Hogland Transfer Company,Hogland Transfer Company Inc,normalized_match
"Hogland Transfer Company, Inc.",Hogland Transfer Company Inc,normalized_match
"TOTAL RECLAIM, INC",Total Reclaim,normalized_match
EZ Disposal Service,"EZ Disposal Service, Inc.",normalized_match
EZ Disposal Service Inc,"EZ Disposal Service, Inc.",normalized_match
CAVOSSA DISPOSAL CORPORATION,CAVOSSA DISPOSAL CORPORATION,exact_match
Kings RollOff Services,Kings RollOff Services,exact_match
M & M Disposal,M&M Disposal,normalized_match
Gastaldo Waste and Recycle,Gastaldo Waste and Recycle,exact_match
A1 Waste LLC,"A1 Waste, LLC",normalized_match
Ware Disposal,"Ware Disposal, Inc",normalized_match
RECOLOGY SONOMA MARIN,RECOLOGY-SONOMA MARIN,normalized_match
Greenwaste,GreenWaste,exact_match
Jolly's Recycling LLC,Jolly's Recycling,normalized_match
Derby City Environmental,Derby City Environmental,exact_match
BELMONT WASTE DISPOSAL,Belmont Waste Disposal,exact_match
"Clackamas Garbage Co., Inc","Clackamas Garbage Co., Inc",exact_match
"Clackamas Garbage Co., Inc.","Clackamas Garbage Co., Inc",normalized_match
"GLADSTONE DISPOSAL Company, Inc.",Gladstone Disposal Company,normalized_match
"Southern Oregon Sanitation, Inc.",Southern Oregon Sanitation,normalized_match
FRONTIER WASTE - SAN ANTONIO,Frontier Waste - San Antonio,exact_match
Waste Connections Of Texas,Waste Connections of Texas,exact_match
"Star Waste Systems, LLC",Star Waste Systems,normalized_match
Troupe waste & recycling,Troupe Waste & Recycling,exact_match
"Pellitteri Waste Systems, Inc","Pellitteri Waste Systems, Inc.",normalized_match
Curbside Waste,Curbside Waste Inc.,normalized_match
Civicorps,Civicorps,exact_match
SA Recycling,SA Recycling LLC,normalized_match
Bakersfield Recycling Services Inc,"Bakersfield Recycling Services, Inc.",normalized_match
City of Bakersfield,City of Bakersfield,exact_match
4G Futures,4G Futures,exact_match
Cram-a-lot,Cram-A-Lot,exact_match
SANTA CRUZ MUNICIPAL UTILITIES,SANTA CRUZ MUNICIPAL UTILITIES,exact_match
ONTARIO MUNICIPAL UTILITIES COMPANY,Ontario Municipal Utilities Company,exact_match
Cram - A lot,Cram-A-Lot,normalized_match
Cram-A-Lot,Cram-A-Lot,exact_match
Main Street Fibers Inc,Main Street Fibers,normalized_match
Compactor Rentals of America,Compactor Rentals of America,exact_match
Cram A Lot,Cram-A-Lot,normalized_match
"Agri-Cycle Energy, LLC","Agri-Cycle Energy, LLC",exact_match
Certified Enterprises Inc.,"CERTIFIED ENTERPRISES, INC",normalized_match
"EZ DISPOSAL SERVICE, INC.","EZ Disposal Service, Inc.",exact_match
CENTRAL VALLEY DISPOSAL,Central Valley Disposal,exact_match
H.E.R. TRUCKING INC,H.E.R. Trucking,normalized_match
"C, Stoneham Inc.",C. Stoneham Inc,normalized_match
Basin Disposal Inc.,Basin Disposal Inc,normalized_match
Becker 360,Becker 360,exact_match
Biagini Waste Reduction Systems,"BIAGINI WASTE REDUCTION SYSTEMS, INC",normalized_match
California Recyclers,California Recyclers Inc,normalized_match
"CALIFORNIA Recyclers, Inc.",California Recyclers Inc,normalized_match
CRAM-A-LOT®,Cram-A-Lot,normalized_match
DC Metals,DC Metals,exact_match
"DC Metals, Inc.",DC Metals,normalized_match
RIVER PARISH DISPOSAL LLC.,River Parish Disposal Llc,normalized_match
"RIVER PARISH DISPOSAL, LLC",River Parish Disposal Llc,normalized_match
Atlas DISPOSAL,"Atlas Disposal, LLC",normalized_match
RECOLOGY GOLDEN GATE,RECOLOGY-GOLDEN GATE,normalized_match
"WM COMPACTOR SOLUTIONS, INC.","WM Compactor Solutions, Inc",normalized_match
Allan Company,Allan Company,exact_match
MARKO Metals,"Marko Metals, Inc",normalized_match
Pak Rite,PAK-RITE,normalized_match
Marin Sanitary Service,MARIN SANITARY SERVICE,exact_match
"WASTE CONNECTIONS C&S WASTE SOLUTIONS OF LASSEN COUNTY, LLC",Waste Connections - C&S Waste Solutions of Lassen County,normalized_match
BECKER 360,Becker 360,exact_match
City of Visalia,City of Visalia,exact_match
City of Visalia -,City of Visalia,normalized_match
MID VALLEY Disposal,Mid Valley Disposal,exact_match
BREAK IT DOWN LLC,Break It Down,normalized_match
Food to Power,Food To Power,exact_match
Scraps Mile High,Scraps Mile High,exact_match
SBC Waste Solutions,SBC Waste Solutions Inc,normalized_match
Liberty Waste & Recycling,Liberty Waste & Recycling Inc.,normalized_match
Cyclyx international,Cyclyx International LLC,normalized_match
Boren Brothers,Boren Brothers LLC,normalized_match
STEP UP DISPOSALS,Step Up Disposals,exact_match
TRIPLE H ENTERPRISES LLC,TRIPLE H ENTERPRISES,normalized_match
City of Craig,"City of Craig, CO",normalized_match
Summit Waste & Recycling,Summit Waste & Recycling LLC,normalized_match
Golden Eagle Trash,GOLDEN EAGLE TRASH,exact_match
Food To Power,Food To Power,exact_match
Waste Management of Colorado,Waste Management of Colorado,exact_match
"WASTE MANAGEMENT OF COLORADO, INC.",Waste Management of Colorado,normalized_match
American Hauling Services,American Hauling Services,exact_match
BudgetShred,BudgetShred LLC,normalized_match
Georgetown Paper Stock,Georgetown Paper Stock,exact_match
Big Stuff,Big Stuff Inc.,normalized_match
"Big Stuff, Inc.",Big Stuff Inc.,normalized_match
KMG HAULING INC,KMG HAULING INC,exact_match
"C & C Disposal, Inc.",C&C DISPOSAL,normalized_match
C&C DISPOSAL,C&C DISPOSAL,exact_match
C&C Disposal,C&C DISPOSAL,exact_match
Marick's Waste Disposal,MARICK'S WASTE DISPOSAL INC,normalized_match
"Marick's WASTE DISPOSAL, INC.",MARICK'S WASTE DISPOSAL INC,normalized_match
"ATLANTIC WASTE SERVICES, INC",Atlantic Waste Services,normalized_match
City of Tallahassee,City of Tallahassee,exact_match
Kimble companies,Kimble Companies,exact_match
ALL WASTE INC,All Waste Inc,exact_match
ALL WASTE,All Waste Inc,normalized_match
Sweitzer Waste Removal,Sweitzer Waste Removal,exact_match
"CWPM, LLC","CWPM, LLC",exact_match
"ALL AMERICAN WASTE, LLC","All American Waste, LLC",exact_match
"ALL WASTE, INC.",All Waste Inc,normalized_match
All Waste,All Waste Inc,normalized_match
Windsor Sanitation Inc,Windsor Sanitation,normalized_match
AJ Waste Systems,"AJ Waste Systems, LLC",normalized_match
AJ Waste Systems LLC,"AJ Waste Systems, LLC",normalized_match
"Lightning Disposal, Inc.",Lightning Disposal Inc,normalized_match
"Darob, Inc.",Darob Inc,normalized_match
"Metalpro, Inc.","METALPRO, INC",normalized_match
METALPRO,"METALPRO, INC",normalized_match
SEM - Sustainable Environmental Management,SEM - Sustainable Environmental Management,exact_match
Detroit Disposal,Detroit Disposal,exact_match
Tiger Sanitation LLC,TIGER SANITATION,normalized_match
City of Foley,City of Foley,exact_match
Jettison Environmental,JETTISON ENVIRONMENTAL,exact_match
U & I Sanitation,U&I SANITATION,normalized_match
COASTAL WASTE & RECYCLING,Coastal Waste & Recycling,exact_match
TOWN OF LAKE PARK,Town of Lake Park,exact_match
Florida Waste Solutions,Florida Waste Solutions,exact_match
MATT'S SANITATION,Matt's Sanitation,exact_match
SPEEDY DUMP,"Speedy Dump, LLC",normalized_match
"Speedy Dump, LLC","Speedy Dump, LLC",exact_match
HEPACO,Hepaco,exact_match
"HART SANITATION, INC.","HART SANITATION, INC",normalized_match
Columbia Containers,Columbia Containers,exact_match
ABSOLUTE SERVICES,Absolute Services,exact_match
"DAVID'S TRASH SERVICE, INC.","DAVID'S TRASH SERVICE, INC",normalized_match
Tennis Sanitation LLC,Tennis Sanitation,normalized_match
A1-Waste,"A1 Waste, LLC",normalized_match
CITY OF SEVIERVILLE,CITY OF SEVIERVILLE,exact_match
Royal Document Destruction,Royal Document Destruction,exact_match
Shred360,"Shred360, LLC",normalized_match
WASTE hARMONICS,"Waste Harmonics, LLC",normalized_match
"Waste Harmonics, LLC","Waste Harmonics, LLC",exact_match
Royal Oak Recycling,Royal Oak Recycling,exact_match
FINOCCHIO BROTHERS INC.,Finocchio Brothers Inc,normalized_match
LECK WASTE SERVICES,"Leck Waste Services, Inc.",normalized_match
The PennOhio Corporation,The PennOhio Corporation,exact_match
City of Sherman,City of Sherman,exact_match
Ace Waste Systems,ACE WASTE SYSTEMS,exact_match
Ace WASTE SYSTEMS Inc.,ACE WASTE SYSTEMS,normalized_match
"LK Specialties, LLC",LK Specialties LLC,normalized_match
ACE WASTE SYSTEMS Inc.,ACE WASTE SYSTEMS,normalized_match
"Smoky Mountain Waste, LLC",Smoky Mountain Waste LLC,normalized_match
"Tri-State Carting, Inc.",Tri-State Carting,normalized_match
Zero Waste & Recycling Services Inc.,Zero Waste & Recycling Services Inc,normalized_match
Full Circle Recycling,"Full Circle Recycling, LLC",normalized_match
SMITH CREEK,Smith Creek,exact_match
"Smith Creek, Inc.",Smith Creek,normalized_match
Town of Lake Park,Town of Lake Park,exact_match
"GOODE COMPANIES, INC.",Goode Companies,normalized_match
Marathon Garbage Service,Marathon Garbage Service Inc,normalized_match
COASTAL WASTE & RECYCLING INC,Coastal Waste & Recycling,normalized_match
East Coast Paper,East Coast Paper,exact_match
"DAVIS SEPTICS & BACKHOE, INC.","Davis Septics & Backhoe, Inc",normalized_match
CITY OF DEERFIELD BEACH,City of Deerfield Beach,exact_match
TREASURE COAST RECYCLING INC,Treasure Coast Recycling,normalized_match
Miami Waste Paper,Miami Waste Paper Co Inc,normalized_match
"Miami Waste Paper Co., Inc.",Miami Waste Paper Co Inc,normalized_match
Berman Bros.,Berman Bros. Inc,normalized_match
CITY OF LAKE MARY,City of Lake Mary,exact_match
FCC® Environmental Services,FCC Environmental Services,normalized_match
Total Recycling,"Total Recycling, LLC",normalized_match
ORLANDO RECYCLING,Orlando Recycling,exact_match
Recycling Services of Florida,"Recycling Services of Florida, Inc.",normalized_match
CRAM-A-LOT,Cram-A-Lot,exact_match
Anclote Metal Recycling,Anclote Metal Recycling,exact_match
ACCURATE PAPER RECYCLING,Accurate Paper Recycling,exact_match
Accurate Paper Recycling,Accurate Paper Recycling,exact_match
City of Tampa,City of Tampa,exact_match
"The Diamond Disposal, Inc","The Diamond Disposal, Inc",exact_match
City of Buford,City of Buford,exact_match
Trash Taxi of GA,Trash Taxi of GA,exact_match
The Diamond Disposal,"The Diamond Disposal, Inc",normalized_match
"Atlantic Waste Services, Inc.",Atlantic Waste Services,normalized_match
Atlantic Waste Services Inc.,Atlantic Waste Services,normalized_match
"Cumberland Services, LLC","Cumberland Services, LLC",exact_match
J&T Environmental Fleet Services,J&T Environmental Fleet Services,exact_match
ALPHA DUMPSTERS,Alpha Dumpsters,exact_match
Alpha Waste Disposal,"ALPHA WASTE DISPOSAL, INC",normalized_match
"AVA'S WASTE REMOVAL, INC.",Ava's Waste Removal,normalized_match
SEAGRAVES PLUMBING,Seagraves Plumbing,exact_match
ABC WASTE OF SAVANNAH,ABC Waste Of Savannah,exact_match
STRYKER ENVIRONMENTAL,Stryker Environmental,exact_match
"Waste Watchers of Savannah, LLC",WASTE WATCHERS OF SAVANNAH,normalized_match
EXPRESS DISPOSAL & RECYCLING LLC,Express Disposal & Recycling,normalized_match
SA Recycling LLC,SA Recycling LLC,exact_match
BOROWIDE,BOROWIDE,exact_match
"Allstate Equipment Services, LLC","Allstate Equipment Services, LLC",exact_match
Cumberland Services,"Cumberland Services, LLC",normalized_match
Innovative Trash Service,Innovative Trash Service,exact_match
C & C PORTABLES LLC,C&C Portables,normalized_match
C & C PORTABLES LLC -,C&C Portables,normalized_match
Advance Machine & Hydraulic,Advance Machine & Hydraulic,exact_match
BIG BLUE DUMPSTER,Big Blue Dumpster,exact_match
City of Pikeville,City of Pikeville,exact_match
ADVANCE MACHINE & Hydraulic,Advance Machine & Hydraulic,exact_match
CITY OF SOMERSET,City of Somerset,exact_match
Somerset Utilities,Somerset Utilities,exact_match
Big Blue Dumpster,Big Blue Dumpster,exact_match
Brew Crew Environmental,"Brew Crew Environmental, LLC",normalized_match
Compactor RENTALS OF AMERICA,Compactor Rentals of America,exact_match
Lakeside Recycling,Lakeside Recycling,exact_match
LAKESIDE RECYCLING INC.,Lakeside Recycling,normalized_match
Murray Sanitation,Murray Sanitation,exact_match
Moon Companies,Moon Companies,exact_match
Express Waste,Express Waste,exact_match
Trash Rangers,Trash Rangers LLC,normalized_match
Republic services,Republic Services,exact_match
Reliable Paper Recycling,Reliable Paper Recycling Inc.,normalized_match
"Reliable Paper Recycling, Inc.",Reliable Paper Recycling Inc.,normalized_match
"Smash Franchise Partners, LLC","Smash Franchise Partners, LLC",exact_match
AT DISPOSAL,AT Disposal,exact_match
MIDWEST SANITATION & RECYCLING,Midwest Sanitation & Recycling,exact_match
"SOUTHWEST SANITATION, INC",Southwest Sanitation,normalized_match
City of SCOTTSBLUFF,City of Scottsbluff,exact_match
LAKE CITY HAULING,Lake City Hauling,exact_match
Total Waste Management,Total Waste Management,exact_match
Coeur d'Alene GARBAGE,COEUR D'ALENE GARBAGE,exact_match
Coeur d' Alene Garbage,COEUR D'ALENE GARBAGE,normalized_match
Impact Environmental Group,Impact Environmental Group,exact_match
"MCS Midwest, LLC",MCS Midwest,normalized_match
CPM Recycling Services Inc,CPM Recycling Services Inc,exact_match
Brandon Industrial Parts,Brandon Industrial Parts,exact_match
Akat SCRAP METAL INC.,AKAT Scrap Metal,normalized_match
BKI Recycling,BKI RECYCLING,exact_match
AKAT SCRAP METAL INC.,AKAT Scrap Metal,normalized_match
"SBC Waste Solutions, Inc.",SBC Waste Solutions Inc,normalized_match
S & S Scrap Metal Inc,"S&S Scrap Metal, Inc",normalized_match
S&S Scrap Metal Inc.,"S&S Scrap Metal, Inc",normalized_match
S&S Scrap Metal Inc,"S&S Scrap Metal, Inc",normalized_match
Lake area Disposal,Lake Area Disposal,exact_match
Goff's Junk Removal,Goff's Junk Removal,exact_match
"Stafford Solid Waste, Inc.",Stafford Solid Waste,normalized_match
T&S TRASH SERVICE,T & S Trash Service,normalized_match
"OmniSource, LLC",Omnisource,normalized_match
ADAPTEC SOLUTIONS,Adaptec Solutions,exact_match
BIG's Sanitation,"Big's Sanitation, Inc",normalized_match
"GUIDO'S SERVICES, INC.",Guido's Services Inc,normalized_match
Trash Rangers LLC,Trash Rangers LLC,exact_match
Action Trucking Company,Action Trucking Company,exact_match
West Texas Dumpsters,West Texas Dumpsters,exact_match
GHW Waste Services,GHW Waste Services,exact_match
WASTE MANAGEMENT,Waste Management,manual_override
Marin Resource Recovery Center,Marin Resource Recovery Center,exact_match
GILTON Solid Waste Management Inc.,Gilton Solid Waste Management,normalized_match
Dallas Recycling,Dallas Recycling,exact_match
Kept Companies,"Kept Companies, Inc.",normalized_match
WB Waste Solutions,WB Waste Solutions LLC,normalized_match
"HUGHES TRASH REMOVAL, INC.",Hughes Trash Removal,normalized_match
Chambersburg Waste Paper,CHAMBERSBURG WASTE PAPER,exact_match
"Weaver's Sanitation Svc, Inc.","Weaver's Sanitation Svc, Inc.",exact_match
Temps Disposal Service,Temps Disposal Service,exact_match
City of Olathe,City of Olathe,exact_match
LCI Services,"LCI Services, Inc.",normalized_match
Gardner Disposal,Gardner Disposal,exact_match
GARDNER DISPOSAL,Gardner Disposal,exact_match
Five Star Roll-Off LLC,Five Star Roll Off LLC,normalized_match
Willey's Refuse Disposal,"Willey's Refuse Disposal, Inc",normalized_match
"Willey's Refuse Disposal, Inc.","Willey's Refuse Disposal, Inc",normalized_match
"Hometown Disposal, Inc",Hometown Disposal Inc,normalized_match
Lexington - Fayette Urban County Government,Lexington-Fayette Urban County Government,normalized_match
Lexington -Fayette Urban County Government,Lexington-Fayette Urban County Government,normalized_match
MSC Industries Inc.,MSC Industries Inc,normalized_match
Lexington Computer Recycling LLC,Lexington Computer Recycling,normalized_match
Lexington Computer Recycling,Lexington Computer Recycling,exact_match
Anytime waste Systems,ANYTIME WASTE SYSTEMS,exact_match
CENTRAL KENTUCKY HAULING,Central Kentucky Hauling Llc,normalized_match
"Gotta Go DUMPSTER SERVICE, LLC",Gotta Go Dumpster Service LLC,normalized_match
WATERTOWN IRON & METAL,Watertown Iron & Metal Co,normalized_match
River Parish Disposal,River Parish Disposal Llc,normalized_match
Cyclyx International,Cyclyx International LLC,normalized_match
IRON MOUNTAIN,Iron Mountain,exact_match
IRON MOUNTAIN®,Iron Mountain,normalized_match
Zarc Recycling,"Zarc Recycling, LLC",normalized_match
WHAT A WASTE,"What a Waste, LLC",normalized_match
"WHAT A WASTE, LLC","What a Waste, LLC",exact_match
Happy Can Disposal,Happy Can Disposal,exact_match
HAPPY CAN DISPOSAL LLC,Happy Can Disposal,normalized_match
Liberty Disposal Inc,Liberty Disposal LLC,normalized_match
ALL STATE WASTE,"All State Waste, Inc.",normalized_match
B-P Trucking,B-P Trucking,exact_match
"South Shore Disposal, Inc.",South Shore Disposal,normalized_match
P & M Reis Trucking,"P&M Reis Trucking, Inc",normalized_match
"Long Prairie Sanitation, Inc",Long Prairie Sanitation,normalized_match
"Jettison Environmental, LLC",JETTISON ENVIRONMENTAL,normalized_match
EOMS Recycling,EOMS RECYCLING,exact_match
MADISON MATERIALS,Madison Materials,exact_match
Guido's SERVICES INC.,Guido's Services Inc,normalized_match
Guido's Services,Guido's Services Inc,normalized_match
Guido's Services Inc,Guido's Services Inc,exact_match
Scrap It,"Scrap-It, Inc.",normalized_match
PULLMAN DISPOSAL SERVICE,Pullman Disposal Service,exact_match
B-P Trucking Inc,B-P Trucking,normalized_match
Generated Materials Recovery,Generated Materials Recovery,exact_match
Waste Management - National,Waste Management - National,exact_match
"PSI Waste Equipment Services, Inc.","PSI Waste Equipment Services, Inc",normalized_match
"Blue Diamond Disposal, Inc.",BLUE DIAMOND DISPOSAL,normalized_match
"Jamaica Ash & Rubbish Removal Co, Inc",JAMAICA ASH RUBBISH REMOVAL CO,normalized_match
Local Waste Services,Local Waste Services,exact_match
Premier Waste LLC,Premier Waste LLC,exact_match
EAGLE EQUIPMENT,Eagle Equipment Corp,normalized_match
Pratt Recycling,Pratt Recycling Inc,normalized_match
Pratt Recycling Inc,Pratt Recycling Inc,exact_match
Burgmeier's Hauling Inc.,BURGMEIER'S HAULING INC,normalized_match
Area Refuse Service,Area Refuse Service,exact_match
HUGHES TRASH REMOVAL. INC.,Hughes Trash Removal,normalized_match
METALPRO.,"METALPRO, INC",normalized_match
CASELLA WASTE SYSTEMS,Casella Waste,manual_override
GERBER'S INC,GERBER'S INC,exact_match
Demo Salvage Inc.,"Demo Salvage, Inc.",normalized_match
Gil's Sanitation Inc.,GIL'S SANITATION,normalized_match
K-TOWN DISPOSAL,K-Town Disposal,exact_match
"FRITZ ENTERPRISES, INC.",Fritz Enterprises,normalized_match
Signature Dumpster Rentals,Signature Dumpster Rentals,exact_match
DELTA DISPOSAL,Delta Disposal,exact_match
Delta Disposal,Delta Disposal,exact_match
LITTLE GUYS TRASH CO.,Little Guys Trash Co.,exact_match
Swanson Solutions LLC,Swanson Solutions,normalized_match
Josh's Dumpsters,Josh's Dumpsters,exact_match
PANOLA COUNTY SOLID WASTE DEPARTMENT,Panola County Solid Waste Department,exact_match
Howard Disposal LLC,HOWARD DISPOSAL,normalized_match
VLS ENVIRONMENTAL SOLUTIONS,VLS Environmental Solutions,exact_match
"American Fiber Services, LLC",American Fiber Services,normalized_match
VLS Environmental Solutions,VLS Environmental Solutions,exact_match
National Waste & Disposal Inc.,National Waste & Disposal Inc.,exact_match
Mogford Metals,Mogford Metals,exact_match
American Resource Management,American Resource Management,exact_match
Bolk Dumpster,Bolk Dumpster LLC,normalized_match
Bolk Dumpster LLC,Bolk Dumpster LLC,exact_match
MA SANITATION INC,MA Sanitation Inc,exact_match
MA Sanitation,MA Sanitation Inc,normalized_match
NISSWA SANITATION INC,Nisswa Sanitation,normalized_match
Friend's Garbage Service,Friend's Garbage Service LLC,normalized_match
FRIEND'S GARBAGE SERVICE LLC,Friend's Garbage Service LLC,exact_match
City of Fergus Falls,City of Fergus Falls,exact_match
Purple Roll-Off,Purple Roll Off,normalized_match
Norland Environmental Service Inc.,"Norland Environmental Service, Inc",normalized_match
"NORLAND ENVIRONMENTAL SERVICE, INC","Norland Environmental Service, Inc",exact_match
"Norland Environmental Service, Inc.","Norland Environmental Service, Inc",normalized_match
"ALL STATES RENTALS, INC.","All States Rentals, Inc",normalized_match
"NITTI SANITATION, INC.","NITTI SANITATION, INC",normalized_match
Lightning Disposal Inc,Lightning Disposal Inc,exact_match
Les's Sanitation,Les's Sanitation,exact_match
CITY OF MOUNTAIN IRON,City of Mountain Iron,exact_match
City of Columbia,City of Columbia,exact_match
American Sanitation Inc,American Sanitation Inc.,normalized_match
City of Rolla,City of Rolla,exact_match
Harper Sanitation Service Inc,"Harper Sanitation Service, Inc",normalized_match
"STERICYCLE, INC.",Stericycle,normalized_match
Volunteer Disposal West,Volunteer Disposal West,exact_match
"Always Green Recycling, Inc","Always Green Recycling, Inc.",normalized_match
"MACKENZIE DISPOSAL, INC.",Mackenzie Disposal,normalized_match
Mackenzie Disposal,Mackenzie Disposal,exact_match
Kurtz Sanitation,KURTZ SANITATION INC,normalized_match
Liberty Disposal LLC,Liberty Disposal LLC,exact_match
"City eWaste, LLC",City eWaste,normalized_match
MYERS CONTAINER SERVICE CORP.,Myers Container Service Corp,normalized_match
Stryker Environmental,Stryker Environmental,exact_match
Stryker Environmental LLC,Stryker Environmental,normalized_match
"Always Buying Scrap, Inc.",Always Buying Scrap,normalized_match
"J & B Disposal, Inc.","J&B Disposal, Inc",normalized_match
"ASC, LLC","ASC, LLC",exact_match
Republic Services #685,REPUBLIC SERVICES #685,exact_match
THE TRASH COMPANY,THE TRASH COMPANY,exact_match
Trans Trash,Trans Trash,exact_match
City of Devils Lake,City of Devils Lake,exact_match
Ken';s Sanitation,Ken's Sanitation,normalized_match
Ken's Sanitation,Ken's Sanitation,exact_match
"CITY OF WILLISTON, ND",City of Williston ND,normalized_match
U & I SANITATION,U&I SANITATION,normalized_match
GRAYBILL EQUIPMENT,Graybill Equipment,exact_match
NIEDERHAUS REFUSE INC.,"Niederhaus Refuse, Inc",normalized_match
Dan's R Us Sanitation,Dan's R Us Sanitation,exact_match
CITY OF SCOTTSBLUFF,City of Scottsbluff,exact_match
WASTE SERVICES INC.,Waste Services,normalized_match
City of Sidney,City of Sidney,exact_match
"R&R RECYCLING, INC","R&R Recycling, Inc",exact_match
"HARDING METALS, INC.",Harding Metals,normalized_match
NowRush Recycling Solutions,NowRush Recycling Solutions,exact_match
All Metals Recycling Inc.,All Metals Recycling,normalized_match
Casella Waste Systems,CASELLA WASTE SYSTEMS,exact_match
Checksammy,CheckSammy,exact_match
WAYN-O'S DISPOSAL SERVICE LLC.,"WAYN-O'S DISPOSAL SERVICE, LLC",normalized_match
SH Recycling,SH Recycling,exact_match
"PINTO SERVICE, INC.","PINTO SERVICE, INC",normalized_match
Direct Waste Services,Direct Waste Services,exact_match
Ferrell's Disposal Service,"Ferrell's Disposal Service, LLC",normalized_match
BLUE DIAMOND DISPOSAL,BLUE DIAMOND DISPOSAL,exact_match
GARDEN STATE WASTE MANAGEMENT,GARDEN STATE WASTE MANAGEMENT,exact_match
ACTION METAL CO. INC.,"Action Metal Co, Inc.",normalized_match
Albuquerque Bernalillo County,Albuquerque Bernalillo County,exact_match
Alamo Disposal,ALAMO DISPOSAL,exact_match
Trash Eaters LLC,Trash Eaters LLC,exact_match
Clackamas Garbage,"Clackamas Garbage Co., Inc",normalized_match
COMPACTOR RENTALS OF AMERICA,Compactor Rentals of America,exact_match
Ely Disposal,ELY DISPOSAL,exact_match
DOUGLAS DISPOSAL INC,Douglas Disposal Inc,exact_match
Douglas Disposal Inc.,Douglas Disposal Inc,normalized_match
Omega Waste Management Inc.,Omega Waste Management Inc,normalized_match
BASIN HAULAGE,Basin Haulage,exact_match
"EDWARD ARNOLD SCRAP PROCESSORS, INC.","Edward Arnold Scrap Processors, Inc",normalized_match
CHRIS RIZZO TRUCKING INC.,CHRIS RIZZO TRUCKING INC,normalized_match
WESTBURY PAPER STOCK CORP.,Westbury Paper Stock Corp,normalized_match
Suburban Disposal,Suburban Disposal,exact_match
Liberty Ashes,"Liberty Ashes, Inc",normalized_match
LIBERTY ASHES INC.,"Liberty Ashes, Inc",normalized_match
"City Waste Services of New York, Inc.",City Waste Services of New York,normalized_match
Thompson Sanitation Corp,Thompson Sanitation Corp,exact_match
Borowide Recycling,Borowide Recycling,exact_match
PK Metals,PK Metals,exact_match
"Magenta Construction Services, Inc.","Magenta Construction Services, Inc.",exact_match
Jamaica Ash & Rubbish Removal Co. Inc,JAMAICA ASH RUBBISH REMOVAL CO,normalized_match
ROYAL Carting Service,Royal Carting Service Co,normalized_match
SUBURBAN DISPOSAL,Suburban Disposal,exact_match
BUTLER DISPOSAL SYSTEMS,Butler Disposal Systems Inc,normalized_match
Butler Disposal Systems,Butler Disposal Systems Inc,normalized_match
BUTLER DISPOSAL SYSTEMS INC,Butler Disposal Systems Inc,exact_match
ANCHOR CARTING,Anchor Carting,exact_match
GREG'S HAULING,Greg's Hauling,exact_match
Maharg,Maharg,exact_match
ZTERS Inc,ZTERS,normalized_match
Pete & Pete Container service,"Pete & Pete Container Service, Inc",normalized_match
Miamitown AUTO PARTS & RECYCLING,Miamitown Auto Parts & Recycling,exact_match
"Werlor, Inc.","Werlor, Inc",normalized_match
MIAMITOWN AUTO PARTS & RECYCLING INC,Miamitown Auto Parts & Recycling,normalized_match
SILVERBACK HAULERS,Silverback Haulers LLC,normalized_match
Silverback Haulers,Silverback Haulers LLC,normalized_match
Silverback Haulers LLC,Silverback Haulers LLC,exact_match
STARGATE METALS,"Stargate Metals, LLC",normalized_match
OHIO VALLEY WASTE SERVICE,Ohio Valley Waste Service Inc,normalized_match
A & L COMPACTION,"A&L Compaction, LLC",normalized_match
"Metalico Youngstown, Inc.",Metalico-Youngstown,normalized_match
Metalico Youngstown,Metalico-Youngstown,normalized_match
"Ohio Valley Waste Service, Inc.",Ohio Valley Waste Service Inc,normalized_match
KING Dumpsters,King Dumpsters,exact_match
BIG REDS DUMPSTER RENTAL,Big Reds Dumpster Rental,exact_match
City of Durant,City of Durant,exact_match
Horn Sanitation Inc,"Horn Sanitation, Inc",normalized_match
"Horn Sanitation, Inc.","Horn Sanitation, Inc",normalized_match
J & T Environmental Fleet Services,J&T Environmental Fleet Services,normalized_match
"LIBERTY DISPOSAL, INC.",Liberty Disposal LLC,normalized_match
A1 Porta Potty,A1 Porta Potty Llc,normalized_match
Ponca City Utility Authority,Ponca City Utility Authority,exact_match
City of Vinita,City of Vinita,exact_match
City of VINITA,City of Vinita,exact_match
"Harper Sanitation Service, Inc.","Harper Sanitation Service, Inc",normalized_match
Recology Portland,Recology-Portland,normalized_match
Floaters Portable Sanitation,Floaters Portable Sanitation,exact_match
Dash Mobile Storage,Dash Mobile Storage,exact_match
Mid Florida Portable Toilet Services,Mid Florida Portable Toilet Services,exact_match
Roll Off Chick,"Roll-Off Chick, LLC.",normalized_match
Roll-Off Chick,"Roll-Off Chick, LLC.",normalized_match
TEG Lease,Teg Lease,exact_match
Rahn Sanitary,Rahn Sanitary,exact_match
Wessco Waste & Recycling Equipment,Wessco Waste & Recycling Equipment,exact_match
Pendleton Sanitary,Pendleton Sanitary,exact_match
Oregon Recycling LLC,"Oregon Recycling, LLC",normalized_match
"Oregon Recycling, LLC","Oregon Recycling, LLC",exact_match
"Compaction And Recycling Equipment, Inc.","Compaction and Recycling Equipment, Inc",normalized_match
Tiger Trash,TIGER TRASH,exact_match
Chrin Hauling,CHRIN HAULING,exact_match
G2 Revolution,G2 Revolution,exact_match
J&K Trash Removal,"J&K Trash Removal, Inc",normalized_match
J.P. Mascaro,J.P. Mascaro,exact_match
J&K Trash Removal Inc,"J&K Trash Removal, Inc",normalized_match
"J & K Trash Removal, Inc","J&K Trash Removal, Inc",normalized_match
VOGEL DISPOSAL SERVICE,VOGEL DISPOSAL SERVICE,exact_match
Fayette Waste LLC,FAYETTE WASTE,normalized_match
SHANK WASTE SERVICE INC,SHANK WASTE SERVICE,normalized_match
TRI-COUNTY INDUSTRIES INC,TRI-COUNTY INDUSTRIES,normalized_match
VALLEY WASTE SERVICE INC.,"Valley Waste Service, Inc.",normalized_match
"JOSEPH J. BRUNNER, INC.",Joseph J. Brunner Inc,normalized_match
ZAMPOGNA INC.,Zampogna Inc,normalized_match
TIGER TRASH,TIGER TRASH,exact_match
PRO WASTE SERVICES INC.,PRO WASTE SERVICES,normalized_match
PRO WASTE SERVICES INC,PRO WASTE SERVICES,normalized_match
Pro Waste Services Inc.,PRO WASTE SERVICES,normalized_match
ZAMPOGNA LLC,Zampogna Inc,normalized_match
"PARK'S GARBAGE SERVICE, Inc",PARK'S GARBAGE SERVICE,normalized_match
Graybill Equipment,Graybill Equipment,exact_match
GRAYBILL EQUIPMENT &,Graybill Equipment,normalized_match
Penn Waste,"Penn Waste, Inc.",normalized_match
"PENN WASTE, INC","Penn Waste, Inc.",normalized_match
"WASTE CONNECTIONS PENN WASTE, INC",WASTE CONNECTIONS - PENN WASTE,normalized_match
Cocolamus Creek Disposal Service,COCOLAMUS CREEK DISPOSAL SERVICE,exact_match
AMG RESOURCES CORPORATION,AMG Resources Corporation,exact_match
Aiken Refuse,AIKEN REFUSE,exact_match
Fayette Waste,FAYETTE WASTE,exact_match
AG Logistics Group,AG Logistics Group,exact_match
Breezy Hollow Enterprises LLC,Breezy Hollow Enterprises LLC,exact_match
Breezy Hollow Enterprises,Breezy Hollow Enterprises LLC,normalized_match
SAGE Disposal,"Sage Disposal, LLC",normalized_match
Madison Materials,Madison Materials,exact_match
City of Cookeville,City of Cookeville,exact_match
CITY OF COOKEVILLE,City of Cookeville,exact_match
"Gulf Coast Containers, LLC",Gulf Coast Containers,normalized_match
ARMOR ENVIRONMENTAL,Armor Environmental,exact_match
Centre Water Works,Centre Water Works,exact_match
Centre Water Works &,Centre Water Works,normalized_match
"Wise Environmental Solutions, INC.",Wise Environmental Solutions,normalized_match
Hometown Waste Services,Hometown Waste Services,exact_match
"NORRIS C SANITATION, LLC","Norris C. Sanitation, LLC",normalized_match
NEXUS DISPOSAL,Nexus Disposal,exact_match
EVERGREEN PAPER RECYCLING,Evergreen Paper Recycling,exact_match
A & J Trash Service,A&J Trash Service,normalized_match
"501 SANITATION & ROLL-OFFS, LLC.",501 Sanitation & Roll-Offs LLC.,normalized_match
City of Tyler,City of Tyler,exact_match
CITY OF TYLER,City of Tyler,exact_match
Hometown Disposal,Hometown Disposal Inc,normalized_match
"Hometown Disposal, LLC",Hometown Disposal Inc,normalized_match
SWEETLAND LTD,Sweetland Ltd,exact_match
Waste Path Services,"Waste Path Services, LLC",normalized_match
AMERICAN EAGLE WASTE,American Eagle Waste,exact_match
Jim Dedman's Sanitation,Jim Dedman's Sanitation,exact_match
JIM DEDMAN'S SANITATION,Jim Dedman's Sanitation,exact_match
Armor Environmental,Armor Environmental,exact_match
Flash Trash LLC,Flash Trash LLC,exact_match
"GTX Waste, LLC dba Gainsborough Waste Services","GTX Waste, LLC dba Gainsborough Waste Services",exact_match
Wise Environmental Solutions,Wise Environmental Solutions,exact_match
"SKYHOOK, LLC.","SkyHook, LLC",normalized_match
SKYHOOK,"SkyHook, LLC",normalized_match
Gresham Sanitary Service,Gresham Sanitary Service,exact_match
TIGER SANITATION,TIGER SANITATION,exact_match
"Stericycle, Inc.",Stericycle,normalized_match
"Waste Services, LLC",Waste Services,normalized_match
"Bill Floyd Services, Inc.",Bill Floyd Services,normalized_match
Kirby Sanitation,Kirby Sanitation,exact_match
Belton Metal Company,Belton Metal Company,exact_match
"PASCON, LLC","PASCON, LLC",exact_match
Local Waste of Upstate,Local Waste of Upstate,exact_match
CITY OF ROCK HILL,CITY OF ROCK HILL,exact_match
Southeast Recycling Group,Southeast Recycling Group,exact_match
Recon Services,"RECON Services, LLC.",normalized_match
"Recon Services, Inc","RECON Services, LLC.",normalized_match
East Texas Junk Removal,East Texas Junk Removal,exact_match
"Maui Disposal Co., Inc.",Maui Disposal,normalized_match
WESTSIDE WASTE MANAGEMENT,"Westside Waste Management Co, Inc.",normalized_match
Pascon,"PASCON, LLC",normalized_match
Revolution Recycling,Revolution Recycling,exact_match
DISPOSAL MANAGEMENT SERVICES,DISPOSAL MANAGEMENT SERVICES,exact_match
CWSI Controlled Waste Systems Inc.,"CWSI - Controlled Waste Systems, Inc.",normalized_match
Good's Disposal Service,Good's Disposal Service,exact_match
"AB-8 Waste Solutions, LLC","AB-8 Waste Solutions, LLC",exact_match
"Industrial Services, Inc",Industrial Services Inc,normalized_match
Pro WASTE SERVICES INC.,PRO WASTE SERVICES,normalized_match
KMG Hauling,KMG HAULING INC,normalized_match
NICHOLAS SANITATION INC,"Nicholas Sanitation, Inc",normalized_match
"MULBERRY VENTURES, LLC","Mulberry Ventures, LLC",exact_match
Stevens Disposal,STEVENS DISPOSAL,exact_match
Patterson Sanitation,Patterson Sanitation,exact_match
Secrest Disposal Co,Secrest Disposal Co.,normalized_match
Reliable Recycling Services,Reliable Recycling Services,exact_match
Hughes Trash Removal,Hughes Trash Removal,exact_match
Stevens Disposal &,STEVENS DISPOSAL,normalized_match
LUSK DISPOSAL SERVICE INC.,LUSK DISPOSAL SERVICE,normalized_match
"LUSK DISPOSAL SERVICE, INC.",LUSK DISPOSAL SERVICE,normalized_match
TYGARTS VALLEY SANITATION INC.,TYGARTS VALLEY SANITATION,normalized_match
"Solid Waste Services of WV, Inc.","Solid Waste Services of WV, Inc.",exact_match
"Pratt Recycling, Inc.",Pratt Recycling Inc,normalized_match
KUERTH'S DISPOSAL INC,"Kuerth's Disposal, Inc.",normalized_match
Amber's Disposal,"Amber's Disposal, LLC",normalized_match
"Greenbrier Valley Solid Waste, Inc.",GREENBRIER VALLEY SOLID WASTE,normalized_match
Gear For Waste LLC,"Gear For Waste, LLC",normalized_match
Pro Waste Services,PRO WASTE SERVICES,exact_match
Lusk Disposal Service,LUSK DISPOSAL SERVICE,exact_match
Abyss Rising LLC,Abyss Rising,normalized_match
LEXINGTON-fayette Urban County Government,Lexington-Fayette Urban County Government,exact_match
SWI Specific Waste Industries,Swi - Specific Waste Industries,normalized_match
Superior Waste Services of New York Inc.,Superior Waste Services of New York,normalized_match
Hoss Disposal,"Hoss Disposal, Inc",normalized_match
RUBBAGE CONTROL,Rubbage Control,exact_match
Hudgins Disposal Inc.,Hudgins Disposal,normalized_match
Hudgins Disposal,Hudgins Disposal,exact_match
"Tennessee Waste Haulers, LLC","Tennessee Waste Haulers, LLC",exact_match
"MUNICIPAL EQUIPMENT, INC.",MUNICIPAL EQUIPMENT INC,normalized_match
MUNICIPAL EQUIPMENT,MUNICIPAL EQUIPMENT INC,normalized_match
Basin Disposal Inc,Basin Disposal Inc,exact_match
"Houston Waste Solutions, LLC",Houston Waste Solutions,normalized_match
TEXAS PRIDE,Texas Pride,exact_match
FRONTIER WASTE - AUSTIN,Frontier Waste - Austin,exact_match
City of Schertz,City of Schertz,exact_match
City of Del Rio,City of Del Rio,exact_match
Dallas/Fort Worth International Airport Board,Dallas/Fort Worth International Airport Board,exact_match
"Waste Connections of Texas, LLC",Waste Connections of Texas,normalized_match
CITY OF PLEASANTON,City of Pleasanton,exact_match
Green Guy Recycling,Green Guy Recycling,exact_match
Aztec Waste Inc.,Aztec Waste,normalized_match
Hercules Dumpster Rentals,"Hercules Dumpster Rentals, LLC",normalized_match
FLAT CREEK SOLUTIONS,Flat Creek Solutions,exact_match
"AMERICAN DISPOSAL SERVICES, Inc.",American Disposal Services,normalized_match
G2 Revolution LLC,G2 Revolution,normalized_match
Ultimate Dumpsters,Ultimate Dumpsters,exact_match
PSI Waste Equipment Services Inc.,"PSI Waste Equipment Services, Inc",normalized_match
NORTON EQUIPMENT,Norton Equipment Co,normalized_match
Emery County Sanitation,Emery County Sanitation,exact_match
A1 DISPOSAL,A1 Disposal,exact_match
A1 Disposal,A1 Disposal,exact_match
"Updike Industries, Inc.",UPDIKE INDUSTRIES,normalized_match
ATLANTIC IRON & METAL,Atlantic Iron & Metal,exact_match
DISPOSAL SERVICES LLC,"Disposal Services, LLC",normalized_match
Updike Industries,UPDIKE INDUSTRIES,exact_match
Ridgerunner Container Service,RIDGERUNNER CONTAINER SERVICE,exact_match
DUNHAM INC.,Dunham Inc,normalized_match
Myers Container Service,Myers Container Service Corp,normalized_match
J & S Trash,J & S Trash,exact_match
"Liberty Disposal,",Liberty Disposal LLC,normalized_match
MYERS CONTAINER SERVICE,Myers Container Service Corp,normalized_match
Chris Rizzo Trucking Inc.,CHRIS RIZZO TRUCKING INC,normalized_match
Empire Recycling Corporation,Empire Recycling Corporation,exact_match
"My Green Michigan, LLC",My Green Michigan,normalized_match
M&M Puget Sound Enterprises LLC,M&M Puget Sound Enterprises LLC,exact_match
NW Dumpsters,NW Dumpsters,exact_match
Key Works,Key Works,exact_match
BASIN disposal,Basin Disposal Inc,normalized_match
Waste Connections - E.L. HARVEY & SONS INC.,Waste Connections - E.L. Harvey & Sons Inc.,exact_match
Marathon Wood Products Inc,Marathon Wood Products Inc.,normalized_match
Kadinger's Inc,Kadinger's Inc,exact_match
Air Capital Waste,Air Capital Waste,exact_match
J & Jay Services,J & Jay Services,exact_match
"RightAway RollOff, LLC","RightAway RollOff, LLC",exact_match
DTG Recycle,DTG Recycle,exact_match
Jochum Refuse,JOCHUM REFUSE,exact_match
Old West Disposal LLC,Old West Disposal,normalized_match
"OLD WEST DISPOSAL,LLC",Old West Disposal,normalized_match
Tropical Trash,Tropical Trash,exact_match
"Document Destruction of Virginia, LLC",Document Destruction of Virginia,normalized_match
