vendor_name,normalized_vendor
1-800-GOT-JUNK?,1-800-GOT-JUNK National
1-800-Got-Junk,1-800-GOT-JUNK National
1-800-GOT-JUNK,1-800-GOT-JUNK National
1-800-Got Junk Commercial Services (USA) LLC,1-800-GOT-JUNK National
1-800-Got Junk,1-800-GOT-JUNK National
1-800 Got Junk,1-800-GOT-JUNK National
121 DISPOSAL COMPANY,121 Disposal Company
3R Technology,3R Technology
"3R TECHNOLOGY, LLC",3R Technology
3R Technology LLC,3R Technology
4G Futures,4G Futures
"501 SANITATION & ROLL-OFFS, LLC.",501 Sanitation & Roll-Offs LLC.
"A TEAM Disposal, LLC","A Team Disposal, LLC"
A&C WASTE COLLECTION,A&C Waste Collection
A & J Trash Service,A&J Trash Service
"A&L Compaction, LLC","A&L Compaction, LLC"
A & L COMPACTION,"A&L Compaction, LLC"
"A&W IRON & METAL, INC.","A&W Iron & Metal, Inc"
A1 DISPOSAL,A1 Disposal
A1 Disposal,A1 Disposal
A1 Porta Potty,A1 Porta Potty Llc
A1 Waste LLC,"A1 Waste, LLC"
A1-Waste,"A1 Waste, LLC"
AAA disposal,AAA Disposal
AAA Disposal,AAA Disposal
AAA Trash Service,AAA Trash Service
"AB-8 Waste Solutions, LLC","AB-8 Waste Solutions, LLC"
ABC WASTE OF SAVANNAH,ABC Waste Of Savannah
ABS Sanitation,ABS Sanitation
ABSOLUTE WASTE REMOVAL,ABSOLUTE WASTE REMOVAL
ACE Recycling & Disposal,ACE Recycling Disposal
Ace WASTE SYSTEMS Inc.,ACE WASTE SYSTEMS
ACE WASTE SYSTEMS Inc.,ACE WASTE SYSTEMS
Ace Waste Systems,ACE WASTE SYSTEMS
AG Logistics Group,AG Logistics Group
Aiken Refuse,AIKEN REFUSE
AJ Waste Systems,"AJ Waste Systems, LLC"
AJ Waste Systems LLC,"AJ Waste Systems, LLC"
AKAT SCRAP METAL INC.,AKAT Scrap Metal
Akat SCRAP METAL INC.,AKAT Scrap Metal
"AL CLAWSON DISPOSAL, INC.",AL Clawson Disposal
Alamo Disposal,ALAMO DISPOSAL
"ALPHA WASTE DISPOSAL, INC.","ALPHA WASTE DISPOSAL, INC"
Alpha Waste Disposal,"ALPHA WASTE DISPOSAL, INC"
AM Disposal,AM DIsposal
AMG RESOURCES CORPORATION,AMG Resources Corporation
AMWASTE,AMWASTE
ANKENY SANITATION,ANKENY SANITATION
Anytime waste Systems,ANYTIME WASTE SYSTEMS
Anytime WASTE SYSTEMS,ANYTIME WASTE SYSTEMS
ANYTIME WASTE SYSTEMS,ANYTIME WASTE SYSTEMS
Anytime Waste Systems,ANYTIME WASTE SYSTEMS
"ASC, LLC","ASC, LLC"
AT DISPOSAL,AT Disposal
AT Disposal,AT Disposal
"ABE'S TRASH SERVICE, INC.",Abe's Trash Service
ABSOLUTE SERVICES,Absolute Services
Abyss Rising LLC,Abyss Rising
ACADIANA WASTE SERVICES,"Acadiana Waste Services, LLC"
ACCURATE PAPER RECYCLING,Accurate Paper Recycling
Accurate Paper Recycling,Accurate Paper Recycling
Ace Equipment Company,Ace Equipment Company
Ace Sanitation Service Inc,Ace Sanitation Service Inc.
Ace Sanitation Service,Ace Sanitation Service Inc.
ACTION METAL CO. INC.,"Action Metal Co, Inc."
Action Trucking Company,Action Trucking Company
Action Welding Inc,Action Welding Inc
Active Waste Solutions,Active Waste Solutions
Ada County,Ada County
ADA COUNTY,Ada County
ADAPTEC SOLUTIONS,Adaptec Solutions
ADVANCE DISPOSAL COMPANY,Advance Disposal Company
ADVANCE MACHINE & Hydraulic,Advance Machine & Hydraulic
Advance Machine & Hydraulic,Advance Machine & Hydraulic
ADVANCE MACHINE & HYDRAULIC,Advance Machine & Hydraulic
Affordable Waste Solutions,"Affordable Waste Solutions, LLC"
"Agri-Cycle Energy, LLC","Agri-Cycle Energy, LLC"
AIR CAPITAL WASTE,Air Capital Waste
Air Capital Waste,Air Capital Waste
Alaska Waste,Alaska Waste
Albuquerque Bernalillo County,Albuquerque Bernalillo County
All American Disposal,All American Disposal
"ALL AMERICAN WASTE, LLC","All American Waste, LLC"
All Metals Recycling Inc.,All Metals Recycling
ALL STATE WASTE,"All State Waste, Inc."
"ALL STATES RENTALS, INC.","All States Rentals, Inc"
"ALL WASTE, INC.",All Waste Inc
All Waste,All Waste Inc
ALL WASTE INC,All Waste Inc
ALL WASTE,All Waste Inc
Allan Company,Allan Company
Allan Industries Recyclers,Allan Industries Recyclers LLC
Allen Disposal,Allen Disposal
"Allstate Equipment Services, LLC","Allstate Equipment Services, LLC"
ALPHA DUMPSTERS,Alpha Dumpsters
Alt Refuse,Alt Refuse
"Always Buying Scrap, Inc.",Always Buying Scrap
"Always Green Recycling, Inc","Always Green Recycling, Inc."
Amador Valley Industries,Amador Valley Industries
"AMADOR VALLEY INDUSTRIES, LLC",Amador Valley Industries
"Amber's Disposal, LLC.","Amber's Disposal, LLC"
Amber's Disposal,"Amber's Disposal, LLC"
"AMERICAN DISPOSAL SERVICES, INC.",American Disposal Services
"AMERICAN DISPOSAL SERVICES, Inc.",American Disposal Services
AMERICAN EAGLE WASTE,American Eagle Waste
"American Fiber Services, LLC",American Fiber Services
American Hauling Services,American Hauling Services
"American Recycling & Sanitation,","American Recycling & Sanitation, Inc"
"American Recycling & Sanitation, Inc.","American Recycling & Sanitation, Inc"
American Resource Management,American Resource Management
American Sanitation Inc,American Sanitation Inc.
American Sanitation,American Sanitation Inc.
American SANITATION INC.,American Sanitation Inc.
"American Waste Control, Inc","American Waste Control, Inc"
"American Waste Control, Inc.","American Waste Control, Inc"
AMERIWASTE LEAGUE CITY,Ameriwaste League City
Anaconda Disposal,Anaconda Disposal
ANCHOR CARTING,Anchor Carting
Anclote Metal Recycling,Anclote Metal Recycling
"Anytime Portables, Inc.",Anytime Portables
Apex Recycling & Disposal,Apex Recycling & Disposal
APEX WASTE,Apex Waste
APEX waste,Apex Waste
Apex Waste,Apex Waste
Apex Waste Vail Valley,Apex Waste - Vail Valley
Appalachian Waste Management LLC,Appalachian Waste Management Llc
APPLE VALLEY WASTE,Apple Valley Waste
Area Refuse Service,Area Refuse Service
AREA REFUSE SERVICE,Area Refuse Service
AREA SANITATION,Area Sanitation
ARMOR ENVIRONMENTAL,Armor Environmental
Armor Environmental,Armor Environmental
ARROW WASTE,Arrow Waste
ARROWASTE,Arrowaste
"Arrowaste, Inc.",Arrowaste
Arrowaste,Arrowaste
Arrowhead Waste Services,Arrowhead Waste Services
ASPEN WASTE SYSTEMS INC.,Aspen Waste Systems Inc
ASPEN WASTE SYSTEMS OF MISSOURI INC.,"Aspen Waste Systems of Missouri, Inc"
£ Athens Services,Athens Services
Athens Services,Athens Services
ATLANTIC IRON & METAL,Atlantic Iron & Metal
Atlantic Waste Services Inc.,Atlantic Waste Services
"ATLANTIC WASTE SERVICES, INC",Atlantic Waste Services
"Atlantic Waste Services, Inc.",Atlantic Waste Services
Atlas Disposal,"Atlas Disposal, LLC"
ATLAS DISPOSAL,"Atlas Disposal, LLC"
Atlas DISPOSAL,"Atlas Disposal, LLC"
"AVA'S WASTE REMOVAL, INC.",Ava's Waste Removal
Aztec Waste Inc.,Aztec Waste
B&L Disposal,B&L Disposal
B-P Trucking Inc,B-P Trucking
B-P Trucking,B-P Trucking
BFI Waste Services,BFI Waste Services
Biagini Waste Reduction Systems,"BIAGINI WASTE REDUCTION SYSTEMS, INC"
BKI Recycling,BKI RECYCLING
BLUE DIAMOND DISPOSAL,BLUE DIAMOND DISPOSAL
"Blue Diamond Disposal, Inc.",BLUE DIAMOND DISPOSAL
Borowide,BOROWIDE
BOROWIDE,BOROWIDE
"BURGMEIER'S HAULING, INC.",BURGMEIER'S HAULING INC
Burgmeier's Hauling Inc.,BURGMEIER'S HAULING INC
Bainbridge Disposal,Bainbridge Disposal
Bakersfield Recycling Services Inc,"Bakersfield Recycling Services, Inc."
Barela Junk Removal,Barela Junk Removal
Basin Disposal Inc,Basin Disposal Inc
Basin Disposal Inc.,Basin Disposal Inc
BASIN DISPOSAL INC,Basin Disposal Inc
"Basin Disposal, Inc.",Basin Disposal Inc
Basin Disposal,Basin Disposal Inc
"BASIN DISPOSAL, INC.",Basin Disposal Inc
BASIN disposal,Basin Disposal Inc
BASIN HAULAGE,Basin Haulage
Basin Haulage,Basin Haulage
Basin Junk Removal,Basin Junk Removal LLC
Becker 360,Becker 360
BECKER 360,Becker 360
BELMONT WASTE DISPOSAL,Belmont Waste Disposal
Belmont Waste Disposal,Belmont Waste Disposal
Belton Metal Company,Belton Metal Company
Berman Bros.,Berman Bros. Inc
Best Cleaner Disposal Inc.,Best Cleaner Disposal
Best Cleaner Disposal inc.,Best Cleaner Disposal
Best Cleaner Disposal,Best Cleaner Disposal
Best Pick Disposal,Best Pick Disposal Inc
BEST PICK DISPOSAL INC,Best Pick Disposal Inc
BI-COUNTY Disposal Inc.,Bi County Disposal
Big Bear Community Services District,Big Bear Community Services District
Big Bear Disposal Inc,Big Bear Disposal
"Big Bear Disposal, Inc.",Big Bear Disposal
BIG BLUE DUMPSTER,Big Blue Dumpster
Big Blue Dumpster,Big Blue Dumpster
BIG REDS DUMPSTER RENTAL,Big Reds Dumpster Rental
Big Stuff,Big Stuff Inc.
"Big Stuff, Inc.",Big Stuff Inc.
Big's Sanitation,"Big's Sanitation, Inc"
BIG's Sanitation,"Big's Sanitation, Inc"
"Bill Floyd Services, Inc.",Bill Floyd Services
Black Earth Compost,Black Earth Compost
BLUE HILLS ENVIRONMENTAL,Blue Hills Environmental
BLUE HILLS ENVIRONMENTAL INC.,Blue Hills Environmental
"Blue Moon Sanitation, LLC",Blue Moon Sanitation
BLUE MOON SANITATION,Blue Moon Sanitation
Bluegrass Junk Removal,Bluegrass Junk Removal
BNB Disposal LLC,BnB Disposal LLC
Bolk Dumpster LLC,Bolk Dumpster LLC
Bolk Dumpster,Bolk Dumpster LLC
Boren Brothers LLC,Boren Brothers LLC
Boren Brothers,Boren Brothers LLC
Borowide Recycling,Borowide Recycling
Brandon Industrial Parts,Brandon Industrial Parts
BRASK ENTERPRISES,Brask Enterprises
"Brask Enterprises, Inc. II","Brask Enterprises, Inc. II"
BREAK IT DOWN LLC,Break It Down
Breezy Hollow Enterprises,Breezy Hollow Enterprises LLC
Breezy Hollow Enterprises LLC,Breezy Hollow Enterprises LLC
Brew Crew Environmental,"Brew Crew Environmental, LLC"
Brothers Disposal,Brothers Disposal
"Bruin Waste Management, LLC","Bruin Waste Management, LLC"
Bruin Waste Management,"Bruin Waste Management, LLC"
BUD'S CLEAN UP SERVICE,"Bud's Clean Up Service, inc"
Bud's clean Up Service,"Bud's Clean Up Service, inc"
BudgetShred,BudgetShred LLC
"Burrtec Waste Industries, Inc","Burrtec Waste Industries, Inc"
"Burrtec Waste Industries, Inc.","Burrtec Waste Industries, Inc"
Burrtec Waste Industries Inc,"Burrtec Waste Industries, Inc"
Burrtec Waste Industries,"Burrtec Waste Industries, Inc"
Business Services Hawaii,Business Services Hawaii
BUSY BEE DISPOSAL INC,Busy Bee Disposal
Butler Disposal Systems,Butler Disposal Systems Inc
BUTLER DISPOSAL SYSTEMS,Butler Disposal Systems Inc
BUTLER DISPOSAL SYSTEMS INC,Butler Disposal Systems Inc
BYRE BROTHERS INC.,Byre Brothers Inc
C&C Disposal,C&C DISPOSAL
C&C DISPOSAL,C&C DISPOSAL
"C & C Disposal, Inc.",C&C DISPOSAL
"C&C Disposal, LLC","C&C Disposal, LLC"
C & C PORTABLES LLC,C&C Portables
C & C PORTABLES LLC -,C&C Portables
C&D Disposal,C&D Disposal
C & D Disposal,C&D Disposal
"C & S Disposal, Inc.",C&S Disposal
"C. STONEHAM, INC.",C. Stoneham Inc
"C, Stoneham Inc.",C. Stoneham Inc
"CALIFORNIA WASTE RECOVERY SYSTEMS, LLC",CALIFORNIA WASTE RECOVERY SYSTEMS LLC
CARDS DARDANELLE,CARDS DARDANELLE
CARDS MO LLC,"CARDS MO, LLC"
"CASELLA WASTE SYSTEMS, INC",CASELLA WASTE SYSTEMS
Casella Waste Systems,CASELLA WASTE SYSTEMS
CASELLA WASTE SYSTEMS INC,CASELLA WASTE SYSTEMS
CAVOSSA DISPOSAL CORPORATION,CAVOSSA DISPOSAL CORPORATION
Certified Enterprises Inc.,"CERTIFIED ENTERPRISES, INC"
"Chambersburg Waste Paper Co., Inc.",CHAMBERSBURG WASTE PAPER
Chambersburg Waste Paper,CHAMBERSBURG WASTE PAPER
Chrin Hauling Inc,CHRIN HAULING
Chrin Hauling,CHRIN HAULING
Chris Rizzo Trucking Inc.,CHRIS RIZZO TRUCKING INC
CHRIS RIZZO TRUCKING INC.,CHRIS RIZZO TRUCKING INC
CITY OF ATHENS,CITY OF ATHENS
City of Athens,CITY OF ATHENS
CITY OF ROCK HILL,CITY OF ROCK HILL
CITY OF SEVIERVILLE,CITY OF SEVIERVILLE
City of Tullahoma,CITY OF TULLAHOMA
City Waste LLP,"CITY WASTE, LLP"
"COCKEY'S ENTERPRISES, INC.","COCKEY'S ENTERPRISES, INC"
Cocolamus Creek Disposal Service,COCOLAMUS CREEK DISPOSAL SERVICE
Coeur d'Alene GARBAGE,COEUR D'ALENE GARBAGE
Coeur d' Alene Garbage,COEUR D'ALENE GARBAGE
"COPPER STATE SANITATION, INC.",COPPER STATE SANITATION
CPM Recycling Services Inc,CPM Recycling Services Inc
"CRP Sanitation, Inc.",CRP Sanitation Inc
CRP Sanitation,CRP Sanitation Inc
"CWPM, LLC","CWPM, LLC"
CWSI Controlled Waste Systems Inc.,"CWSI - Controlled Waste Systems, Inc."
"CALIFORNIA Recyclers, Inc.",California Recyclers Inc
California Recyclers,California Recyclers Inc
Canusa Hershman,Canusa Hershman
Capital Area Refuse LLC,Capital Area Refuse
CAPITAL CITY Refuse,Capital City Refuse
CARDS EASTERN OK,Cards Eastern OK
Carrier Container Company,Carrier Container Company
CASELLA MAJOR ACCOUNTS SERVICES LLC,Casella Major Accounts Services LLC
CASELLA WASTE SYSTEMS,Casella Waste
Casella,Casella Waste
casella,Casella Waste
Centennial Park Disposal,Centennial Park Disposal
CENTRAL ILLINOIS DISPOSAL,Central Illinois Disposal
CENTRAL KENTUCKY HAULING,Central Kentucky Hauling Llc
CENTRAL VALLEY DISPOSAL,Central Valley Disposal
Centre Water Works &,Centre Water Works
Centre Water Works,Centre Water Works
Charlie's Waste Services,Charlie's Waste Services
Checksammy,CheckSammy
CheckSammy,CheckSammy
"Chisago Lakes Sanitation, LLC.",Chisago Lakes Sanitation
"Chism's Trash Service, Inc.",Chism's Trash Service
Chism's Trash Service,Chism's Trash Service
Circle Sanitation Inc,"Circle Sanitation, Inc"
CIRCLE SANITATION,"Circle Sanitation, Inc"
Circle Sanitation,"Circle Sanitation, Inc"
Citishred,CitiShred
City of Bardstown,City Of Bardstown
CITY SANITARY SERVICE,City Sanitary Service
"City Waste Services of New York, Inc.",City Waste Services of New York
"City eWaste, LLC",City eWaste
City of Arkadelphia,City of Arkadelphia
City of Ashton,City of Ashton
City of Aztec,City of Aztec
City of Bakersfield,City of Bakersfield
CITY OF BEATRICE,City of Beatrice
CITY OF BLACKFOOT,City of Blackfoot
City of Blackfoot,City of Blackfoot
"City of Boise, ID","City of Boise, ID"
City of Buford,City of Buford
City of Caldwell,City of Caldwell
City of Claremont,City of Claremont
CITY OF CLAREMONT,City of Claremont
City of Columbia,City of Columbia
City of Cookeville,City of Cookeville
CITY OF COOKEVILLE,City of Cookeville
City of Craig,"City of Craig, CO"
CITY OF CULVER CITY,City of Culver City
CITY OF DALY CITY,City of Daly City
CITY OF DEERFIELD BEACH,City of Deerfield Beach
City of Del Rio,City of Del Rio
City of Denton,City of Denton
City of Devils Lake,City of Devils Lake
City of Dickinson,City of Dickinson
CITY OF DUMAS,City of Dumas
City of Dumas,City of Dumas
City of Durango,City of Durango - CO
CITY of DURANGO,City of Durango - CO
City of Durant,City of Durant
City of Eagle Pass,City of Eagle Pass
City of Emporia,City of Emporia
City of Enumclaw,City of Enumclaw
CITY OF FARGO,City of Fargo
City of Fergus Falls,City of Fergus Falls
CITY OF FLAGSTAFF,City of Flagstaff
City of Foley,City of Foley
CITY OF Grand Junction,City of Grand Junction
City of Grand Junction,City of Grand Junction
City of Green River,City of Green River
CITY OF HENAGAR,City of Henagar
City of Jackson,City of Jackson
City of Jacksonville,City of Jacksonville
City of Killeen,City of Killeen
City of Kirkland WA,City of Kirkland WA
CITY OF LAKE MARY,City of Lake Mary
City of Lamar,"City of Lamar, CO"
City of Laramie,City of Laramie
City of Lompoc,City of Lompoc
City of Lordsburg,City of Lordsburg
City of Meridian -,City of Meridian
City of Meridian,City of Meridian
CITY OF MERIDIAN,City of Meridian
City of Mesa,City of Mesa
CITY OF MOUNTAIN IRON,City of Mountain Iron
City of Nampa,City of Nampa
City of Olathe,City of Olathe
City of Pikeville,City of Pikeville
CITY OF PLEASANTON,City of Pleasanton
City of RED WING,City of RED WING
City of Red Wing,City of RED WING
City of Riverton,City of Riverton
CITY OF RIVERTON,City of Riverton
City of Rolla,City of Rolla
CITY OF SANTA BARBARA,City of Santa Barbara
City of Schertz,City of Schertz
CITY OF SCOTTSBLUFF,City of Scottsbluff
City of SCOTTSBLUFF,City of Scottsbluff
City of Sherman,City of Sherman
CITY OF SHERMAN,City of Sherman
City of Sidney,City of Sidney
City of Sierra Vista,City of Sierra Vista
CITY OF SOMERSET,City of Somerset
CITY OF ST ANTHONY,City of St. Anthony
City of St Anthony,City of St. Anthony
City of St. Anthony,City of St. Anthony
City of Tallahassee,City of Tallahassee
City of Tampa,City of Tampa
City of Tulare,City of Tulare
City of Tyler,City of Tyler
CITY OF TYLER,City of Tyler
City of Vinita,City of Vinita
City of VINITA,City of Vinita
City of Visalia -,City of Visalia
City of Visalia,City of Visalia
City of Willcox,City of Willcox
"CITY OF WILLISTON, ND",City of Williston ND
City of Winfield,City of Winfield
CITY OF YUMA,"City of Yuma, CO"
Civicorps,Civicorps
"Clackamas Garbage Co., Inc","Clackamas Garbage Co., Inc"
"Clackamas Garbage Co., Inc.","Clackamas Garbage Co., Inc"
Clackamas Garbage,"Clackamas Garbage Co., Inc"
Clean Slate Services,Clean Slate Services
Cleeton Sanitation Service,Cleeton Sanitation Service
"Cleeton Sanitation Service, Co.",Cleeton Sanitation Service
Coastal Compaction,Coastal Compaction
COASTAL WASTE & RECYCLING INC,Coastal Waste & Recycling
Coastal Waste & Recycling,Coastal Waste & Recycling
COASTAL WASTE & RECYCLING,Coastal Waste & Recycling
COGENT WASTE SOLUTIONS LLC,Cogent Waste Solutions
"Coles County Sanitation & Recycling, Inc",Coles County Sanitation & Recycling
"COLLECTION SERVICES, INC.",Collection Services Inc.
Collection Services,Collection Services Inc.
Columbia Containers,Columbia Containers
Columbia County Solid Waste,Columbia County Solid Waste
Columbia Sanitary,Columbia Sanitary
Commercial Sanitation,Commercial Sanitation
Commonwealth Waste Solutions,Commonwealth Waste Solutions
Community Disposal,Community Disposal
COMMUNITY SANITATION,Community Sanitation
"Compaction And Recycling Equipment, Inc.","Compaction and Recycling Equipment, Inc"
COMPACTOR RENTALS OF AMERICA,Compactor Rentals of America
Compactor RENTALS OF AMERICA,Compactor Rentals of America
Compactor Rentals of America,Compactor Rentals of America
CompostNow Inc.,CompostNow Inc.
Conex Recycling,Conex Recycling
Conigliaro Industries,"Conigliaro Industries, Inc"
CONIGLIARO INDUSTRIES,"Conigliaro Industries, Inc"
Consolidated Disposal Services,Consolidated Disposal Services Inc
Contractor's Disposal,Contractor's Disposal Inc.
"CONTROL WASTE SERVICES, LLC","Control Waste Services, LLC"
Cook Maintenance,Cook Maintenance
Cook Sanitation,Cook Sanitation
Coos Bay Sanitary Service,Coos Bay Sanitary Service
"Corporate Services Consultants, LLC","Corporate Services Consultants, LLC"
Corporate Services Consultants,"Corporate Services Consultants, LLC"
Cottage Grove Garbage Service,Cottage Grove Garbage Service Inc.
"COTTAGE GROVE GARBAGE SERVICE, INC.",Cottage Grove Garbage Service Inc.
Countryside Disposal,Countryside Disposal
County HAULING,County Hauling
County Hauling,County Hauling
COUNTY HAULING,County Hauling
COUNTY WASTE SYSTEMS INC,County Waste Systems Inc
Cox Disposal,Cox Disposal
"COX DISPOSAL, INC.",Cox Disposal
CRAM-A-LOT,Cram-A-Lot
Cram A Lot,Cram-A-Lot
Cram - A lot,Cram-A-Lot
Cram-A-Lot,Cram-A-Lot
Cram-a-lot,Cram-A-Lot
CRAM-A-LOT®,Cram-A-Lot
"Craven Ag Services, Inc.","Craven Ag Services, Inc"
Cressman Sanitation,Cressman Sanitation
Crown Waste & Recycling Systems LLC,"Crown Waste & Recycling Systems, LLC"
"Cumberland Services, LLC","Cumberland Services, LLC"
Cumberland Services,"Cumberland Services, LLC"
CURBSIDE SERVICES INC,Curbside Services Inc.
"Curbside Services, Inc",Curbside Services Inc.
Curbside Waste,Curbside Waste Inc.
Cyclyx international,Cyclyx International LLC
Cyclyx International,Cyclyx International LLC
"D&S WASTE REMOVAL, INC.",D & S Waste Removal
"D & S WASTE REMOVAL, INC.",D & S Waste Removal
D & S Waste Removal,D & S Waste Removal
"Dan's Sanitation, Inc.","DAN'S SANITATION, INC"
"DAVID'S TRASH SERVICE, INC.","DAVID'S TRASH SERVICE, INC"
DC Metals,DC Metals
"DC Metals, Inc.",DC Metals
DC Waste & Recycling,"DC Waste & Recycling, Inc"
DISPOSAL MANAGEMENT SERVICES,DISPOSAL MANAGEMENT SERVICES
"Disposal Management Services, Inc.",DISPOSAL MANAGEMENT SERVICES
DTG Recycle,DTG Recycle
Dallas Recycling,Dallas Recycling
Dallas/Fort Worth International Airport Board,Dallas/Fort Worth International Airport Board
"Dan Walker Disposal Service, Inc.",Dan Walker Disposal Service Inc.
Dan's R Us Sanitation,Dan's R Us Sanitation
DARLING INGREDIENTS INC.,Darling Ingredients
"Darob, Inc.",Darob Inc
Dash Mobile Storage,Dash Mobile Storage
Davis Disposal,Davis Disposal
DAVIS DISPOSAL,Davis Disposal
"DAVIS SEPTICS & BACKHOE, INC.","Davis Septics & Backhoe, Inc"
"DAYNE'S WASTE DISPOSAL, INC",Dayne's Waste Disposal
Deep South Sanitation LLC,"Deep South Sanitation, LLC"
Delta Disposal,Delta Disposal
DELTA DISPOSAL,Delta Disposal
Delta Garbage Service,Delta Garbage Service
DELTA WASTE SOLUTIONS,Delta Waste Solutions
Demo Salvage Inc.,"Demo Salvage, Inc."
DENALI REFUSE,Denali Refuse
Dependable Sanitation Inc,Dependable Sanitation Inc
DEPENDABLE SANITATION INC,Dependable Sanitation Inc
Dependable Sanitation,Dependable Sanitation Inc
Derby City Environmental,Derby City Environmental
Desert Green Disposal and Industrial LLC,Desert Green Disposal and Industrial
Desert Valley Disposal,Desert Valley Disposal
Detroit Disposal,Detroit Disposal
Direct Waste Services,Direct Waste Services
"Direct Waste Services, Inc",Direct Waste Services
DISPOSAL SERVICES LLC,"Disposal Services, LLC"
Disposal Services,"Disposal Services, LLC"
Disposal Services LLC,"Disposal Services, LLC"
"Document Destruction of Virginia, LLC",Document Destruction of Virginia
Dodd's Trash Hauling and Recycling,Dodd's Trash Hauling and Recycling Inc.
DOLL'S DISPOSAL LLC,Doll's Disposal
Doll's Disposal LLC,Doll's Disposal
Douglas Disposal Inc.,Douglas Disposal Inc
DOUGLAS DISPOSAL INC,Douglas Disposal Inc
DuMontelle Waste LLC,"DuMontelle Waste, LLC"
DUGGER TRASH SERVICE,Dugger Trash Service
DUNHAM INC.,Dunham Inc
Durflinger Disposal Service,Durflinger Disposal Service
"DURFLINGER DISPOSAL SERVICE, INC.",Durflinger Disposal Service
DYNAMIC WASTE COMPANY,Dynamic Waste Company
Dynamic Waste Company,Dynamic Waste Company
"E.J. HARRISON & SONS, INC",E. J. Harrison & Sons
"E. J. HARRISON & SONS, INC",E. J. Harrison & Sons
"E J HARRISON & SONS, INC",E. J. Harrison & Sons
E.L. HARVEY & SONS INC.,"E.L. Harvey & Sons, Inc."
E.L. Harvey & Sons Inc.,"E.L. Harvey & Sons, Inc."
EAGLE Disposal,EAGLE DISPOSAL
Eagle Disposal Inc.,EAGLE DISPOSAL
Eagle Disposal,EAGLE DISPOSAL
Eagle Rock Sanitation,EAGLE ROCK SANITATION
Ely Disposal,ELY DISPOSAL
Engman Disposal,ENGMAN DISPOSAL
EOMS Recycling,EOMS RECYCLING
"EZ DISPOSAL SERVICE, INC.","EZ Disposal Service, Inc."
EZ Disposal Service,"EZ Disposal Service, Inc."
EZ Disposal Service Inc,"EZ Disposal Service, Inc."
EAGLE EQUIPMENT,Eagle Equipment Corp
"EarthSavers, LLC",EarthSavers LLC
"Earthbound Environmental Solutions, LLC","Earthbound Environmental Solutions, LLC"
Earthwise Waste Solutions,Earthwise Waste Solutions
EAST CENTRAL KANSAS REFUSE,East Central Kansas Refuse
East Coast Paper,East Coast Paper
East Tennessee Junk Away,East Tennessee Junk Away
East Texas Junk Removal,East Texas Junk Removal
Eclipse Waste Management LLC,Eclipse Waste Management LLC
Eco Sanitation LLC,Eco Sanitation
EcoSouth Services,EcoSouth Services
Ecosouth Services,EcoSouth Services
"ECONO WASTE, INC",Econo Waste Inc
Ecotech,Ecotech
ED BURRIS DISPOSAL SERVICE,Ed Burris Disposal Service LLC
Ed Burris Disposal Service LLC,Ed Burris Disposal Service LLC
ED'S disposal,Ed's Disposal Inc
Edge Waste,Edge Waste
EDGE WASTE,Edge Waste
"EDWARD ARNOLD SCRAP PROCESSORS, INC.","Edward Arnold Scrap Processors, Inc"
"Efficient Roll-Off & Recycling, Inc.","Efficient Roll-Off & Recycling, Inc"
Elite Roll-Off Solutions LLC,Elite Roll-Off Solutions LLC
Emery County Sanitation,Emery County Sanitation
"Emfinger Steel Company, Inc.",Emfinger Steel Company Inc
Empire Recycling Corporation,Empire Recycling Corporation
Equipment Enterprises,"Equipment Enterprises, LLC"
ESCONDIDO DISPOSAL INC.,Escondido Disposal
Evergreen Paper Recycling,Evergreen Paper Recycling
EVERGREEN PAPER RECYCLING,Evergreen Paper Recycling
EXCESS DISPOSAL,Excess Disposal
"Excess Disposal, Inc",Excess Disposal
EXPRESS DISPOSAL & RECYCLING LLC,Express Disposal & Recycling
Express Waste,Express Waste
Fayette Waste,FAYETTE WASTE
Fayette Waste LLC,FAYETTE WASTE
"FCC Environmental Services, LLC",FCC Environmental Services
FCC® Environmental Services,FCC Environmental Services
FCC Environmental Services,FCC Environmental Services
First Piedmont,FIRST PIEDMONT
"Family Trash Service, Inc",Family Trash Service Inc
Federal Recycling,Federal Recycling
FEDERAL RECYCLING,Federal Recycling
Ferrell's Disposal Service,"Ferrell's Disposal Service, LLC"
FINOCCHIO BROTHERS INC.,Finocchio Brothers Inc
First Capital Salvage,First Capital Salvage
"FISK WASTE REMOVAL SERVICES, INC.",Fisk Waste Removal Services
Five Star Roll-Off LLC,Five Star Roll Off LLC
Flag Hauling,Flag Hauling LLC
Flash Trash LLC,Flash Trash LLC
FLAT CREEK SOLUTIONS,Flat Creek Solutions
Floaters Portable Sanitation,Floaters Portable Sanitation
Flood Brothers,Flood Brothers Disposal
"Florida Waste Solutions, LLC",Florida Waste Solutions
FLORIDA WASTE SOLUTIONS,Florida Waste Solutions
Florida Waste Solutions,Florida Waste Solutions
Food to Power,Food To Power
Food To Power,Food To Power
FRANKLIN Pallets,Franklin Pallets
Friend's Garbage Service,Friend's Garbage Service LLC
FRIEND'S GARBAGE SERVICE LLC,Friend's Garbage Service LLC
"FRITZ ENTERPRISES, INC.",Fritz Enterprises
Frontier Waste,Frontier Waste
FRONTIER WASTE - AUSTIN,Frontier Waste - Austin
FRONTIER WASTE - MCKINNEY,Frontier Waste - McKinney
FRONTIER WASTE - SAN ANTONIO,Frontier Waste - San Antonio
FRONTIER WASTE - DAYTON,Frontier Waste -Dayton
Full Circle Recycling,"Full Circle Recycling, LLC"
Fusion Waste,Fusion Waste
G2 Revolution,G2 Revolution
G2 Revolution LLC,G2 Revolution
"GARDEN ISLE DISPOSAL, INC","GARDEN ISLE DISPOSAL, INC"
Garden State Waste Management,GARDEN STATE WASTE MANAGEMENT
GARDEN STATE WASTE MANAGEMENT,GARDEN STATE WASTE MANAGEMENT
GERBER'S INC,GERBER'S INC
Gerber's Inc.,GERBER'S INC
GFL,GFL Environmental
GFL ENVIRONMENTAL,GFL Environmental
GFL Environmental,GFL Environmental
GHW Waste Services,GHW Waste Services
GHW WASTE SERVICES,GHW Waste Services
Gil's Sanitation Inc.,GIL'S SANITATION
Golden Eagle Trash,GOLDEN EAGLE TRASH
"GOLDEN ENVIRONMENTAL, LLC",GOLDEN ENVIRONMENTAL
Granger Waste Services,GRANGER WASTE SERVICES
"Greenbrier Valley Solid Waste, Inc.",GREENBRIER VALLEY SOLID WASTE
Greenbrier Valley Solid Waste Inc,GREENBRIER VALLEY SOLID WASTE
"Grogan Waste Services, LLC","GROGAN WASTE SERVICES, LLC"
"GTX Waste, LLC dba Gainsborough Waste Services","GTX Waste, LLC dba Gainsborough Waste Services"
GARDNER DISPOSAL,Gardner Disposal
Gardner Disposal,Gardner Disposal
GARLAND COUNTY LANDFILL,Garland County Landfill
Gary's Garbage Services,Gary's Garbage Services LLC
Gastaldo Waste and Recycle,Gastaldo Waste and Recycle
"Gateway Disposal, LLC",Gateway Disposal
Gateway Disposal,Gateway Disposal
Gateway Recycling & Waste Reduction,Gateway Recycling & Waste Reduction Inc
Gear For Waste LLC,"Gear For Waste, LLC"
Generated Materials Recovery,Generated Materials Recovery
GENTRY Trash,Gentry Trash
Georgetown Paper Stock,Georgetown Paper Stock
GIBSON Truck Service,Gibson Truck Service LLC
GILTON Solid Waste Management Inc.,Gilton Solid Waste Management
Gilton Solid Waste Management,Gilton Solid Waste Management
"GLADSTONE DISPOSAL Company, Inc.",Gladstone Disposal Company
Go Recycling,Go Recycling
Goff's Junk Removal,Goff's Junk Removal
"Golden Valley Disposal, LLC",Golden Valley Disposal
Good's Disposal Service,Good's Disposal Service
"GOODE COMPANIES, INC.",Goode Companies
"Gotta Go DUMPSTER SERVICE, LLC",Gotta Go Dumpster Service LLC
GRACE HAULING,Grace Hauling
Grand Rapids Iron & Metal,Grand Rapids Iron & Metal
Granite Disposal,Granite Disposal
Granite Mountain Haulers,Granite Mountain Haulers
GRAYBILL EQUIPMENT,Graybill Equipment
GRAYBILL EQUIPMENT &,Graybill Equipment
Graybill Equipment,Graybill Equipment
GREEN ENVIRONMENTAL SERVICES,Green Environmental Services
Green Guy Recycling,Green Guy Recycling
Green Guys Recycling Solutions LLC,"Green Guys Recycling Solutions, LLC"
Green Guys Recycling Solutions,"Green Guys Recycling Solutions, LLC"
Green River Waste,Green River Waste
Greenwaste,GreenWaste
Greenway Waste Solutions,Greenway Waste Solutions
GREG'S HAULING,Greg's Hauling
Greif Recycling RFG Division,Greif Recycling RFG Division
GRESHAM SANITARY SERVICE INC,Gresham Sanitary Service
GRESHAM SANITARY SERVICE INC.,Gresham Sanitary Service
"GRESHAM SANITARY SERVICE, INC.",Gresham Sanitary Service
Gresham Sanitary Service,Gresham Sanitary Service
Grizzly Disposal & Recycling,Grizzly Disposal & Recycling
GROGAN DISPOSAL COMPANY,Grogan Disposal Company LLC
"GUIDO'S SERVICES, INC.",Guido's Services Inc
Guido's SERVICES INC.,Guido's Services Inc
Guido's Services Inc,Guido's Services Inc
Guido's Services,Guido's Services Inc
"Gulf Coast Containers, LLC",Gulf Coast Containers
H.E.R. TRUCKING INC,H.E.R. Trucking
"HART SANITATION, INC.","HART SANITATION, INC"
HAUL AWAY SERVICES,HAUL AWAY SERVICES
Highland Sanitation & Recycling Inc.,"HIGHLAND SANITATION & RECYCLING, INC."
HOLT WASTE,HOLT WASTE
Hometown SANITATION SERVICES LLC,"HOMETOWN SANITATION SERVICES, LLC"
HOMETOWN SANITATION SERVICES LLC,"HOMETOWN SANITATION SERVICES, LLC"
"Honolulu Disposal Service, Inc.",HONOLULU DISPOSAL SERVICE
Honolulu Disposal Service,HONOLULU DISPOSAL SERVICE
Howard Disposal LLC,HOWARD DISPOSAL
"HUGILL SANITATION, INC.",HUGILL SANITATION
"HAMILTON ALLIANCE, INC.","Hamilton Alliance, Inc"
Hamilton Alliance,"Hamilton Alliance, Inc"
"Hamilton Alliance, Inc.","Hamilton Alliance, Inc"
Happen Ventures LLC,Happen Ventures LLC
Happy Can Disposal,Happy Can Disposal
HAPPY CAN DISPOSAL LLC,Happy Can Disposal
"HARDING METALS, INC.",Harding Metals
HARLEY HOLLAN COMPANIES,Harley Hollan Companies
Harley Hollan Companies,Harley Hollan Companies
"Harper Sanitation Service, Inc.","Harper Sanitation Service, Inc"
Harper Sanitation Service Inc,"Harper Sanitation Service, Inc"
HARTER'S Quick Clean-Up,Harter's Quick Clean Up
Hawaii Junk Removal,Hawaii Junk Removal
"Heartland Waste Management, Inc.","Heartland Waste Management, Inc"
Heavenly Trash Inc,Heavenly Trash
Heavenly Trash,Heavenly Trash
HEIBERG GARBAGE & RECYCLING,Heiberg Garbage & Recycling
Heiberg GARBAGE & RECYCLING,Heiberg Garbage & Recycling
HEPACO,Hepaco
Herbert Emery Sanitation,Herbert Emery Sanitation LLC
Hercules Dumpster Rentals,"Hercules Dumpster Rentals, LLC"
"HILL COUNTRY WASTE SOLUTIONS, L.L.C",Hill Country Waste Solutions
Hill's Sanitation Service,Hill's Sanitation Service
Hillsboro Garbage Disposal,Hillsboro Garbage Disposal Inc.
"Hillside Solutions, LLC",Hillside Solutions
Hillside Solutions,Hillside Solutions
"Hogland Transfer Company, Inc.",Hogland Transfer Company Inc
Hogland Transfer Company,Hogland Transfer Company Inc
Hometown Disposal,Hometown Disposal Inc
"Hometown Disposal, Inc",Hometown Disposal Inc
"Hometown Disposal, LLC",Hometown Disposal Inc
HOMETOWN SANITATION LLC.,"Hometown Sanitation, LLC"
HOMETOWN SANITATION LLC,"Hometown Sanitation, LLC"
Hometown Waste Services,Hometown Waste Services
Homewood Disposal Service,Homewood Disposal Service
Hopper Disposal Inc.,Hopper Disposal
"Horn Sanitation, Inc.","Horn Sanitation, Inc"
Horn Sanitation Inc,"Horn Sanitation, Inc"
Hoss Disposal,"Hoss Disposal, Inc"
"Hoss Disposal, Inc.","Hoss Disposal, Inc"
"Houston Waste Services, LLC",Houston Waste Services
"Houston Waste Solutions, LLC",Houston Waste Solutions
HOWIE'S TRASH SERVICE,Howie's Trash Service
Hudgins Disposal,Hudgins Disposal
Hudgins Disposal Inc.,Hudgins Disposal
"Hughes & Sons, Inc",Hughes & Sons Inc
HUGHES TRASH REMOVAL. INC.,Hughes Trash Removal
"HUGHES TRASH REMOVAL, INC.",Hughes Trash Removal
Hughes Trash Removal,Hughes Trash Removal
Hughes Waste Haulers Inc.,Hughes Waste Haulers
HUMPTY DUMPSTERS,Humpty Dumpsters
IDAWY SOLID WASTE DISTRICT BEAR LAKE REGION,IDAWY Solid Waste District Bear Lake Region
IEM INC.,IEM Inc
Independent Recycling Services,INDEPENDENT RECYCLING SERVICES
INDEPENDENT RECYCLING SERVICES,INDEPENDENT RECYCLING SERVICES
IV Waste LLC,IV Waste LLC
IDAHO FALLS UTILITIES City of Idaho Falls,Idaho Falls Utilities - City of Idaho Falls
IMPACT ENVIRONMENTAL GROUP,Impact Environmental Group
Impact Environmental Group,Impact Environmental Group
Indiana Waste Service,Indiana Waste Service
Industrial Refuse Service,Industrial Refuse Service
"Industrial Services, Inc",Industrial Services Inc
"INGRUM WASTE DISPOSAL, INC.",Ingrum Waste Disposal
INGRUM WASTE DISPOSAL,Ingrum Waste Disposal
Innovative Trash Service,Innovative Trash Service
"Interstate Waste Services, Inc.",Interstate Waste Services
Interstate Waste Services,Interstate Waste Services
"Interstate Waste Services of CT, LLC","Interstate Waste Services of CT, LLC"
IRON MOUNTAIN,Iron Mountain
IRON MOUNTAIN®,Iron Mountain
ISLAND DISPOSAL COMPANY,Island Disposal Company
"Island Recycling, Inc.",Island Recycling
J & Jay Services,J & Jay Services
"J & R Sanitation, LLC",J & R Sanitation LLC
J & S Trash,J & S Trash
"J & B Disposal, Inc.","J&B Disposal, Inc"
J & K Trash Removal,"J&K Trash Removal, Inc"
"J & K Trash Removal, Inc","J&K Trash Removal, Inc"
J&K Trash Removal Inc,"J&K Trash Removal, Inc"
J&K Trash Removal,"J&K Trash Removal, Inc"
J & M Sanitation,J&M Sanitation
J&T Environmental Fleet Services,J&T Environmental Fleet Services
J & T Environmental Fleet Services,J&T Environmental Fleet Services
J. Young Refuse,J. Young Refuse
J Young Refuse,J. Young Refuse
J P Mascaro,J.P. Mascaro
J.P. Mascaro,J.P. Mascaro
J.P. Mascaro &,J.P. Mascaro
"Jamaica Ash & Rubbish Removal Co, Inc",JAMAICA ASH RUBBISH REMOVAL CO
Jamaica Ash & Rubbish Removal Co. Inc,JAMAICA ASH RUBBISH REMOVAL CO
JETTISON ENVIRONMENTAL,JETTISON ENVIRONMENTAL
"Jettison Environmental, LLC",JETTISON ENVIRONMENTAL
Jettison Environmental,JETTISON ENVIRONMENTAL
"JLT Trucking, Inc.",JLT Trucking
Jochum Refuse,JOCHUM REFUSE
Jakes Dumpsters,"Jakes Dumpsters, LLC"
Jay Mecham's Country Garbage LLC,Jay Mecham's Country Garbage
Jay Mecham's Country Garbage,Jay Mecham's Country Garbage
Jay Mecham's COUNTRY GARBAGE,Jay Mecham's Country Garbage
JIM DEDMAN'S SANITATION,Jim Dedman's Sanitation
Jim Dedman's Sanitation,Jim Dedman's Sanitation
Jolly's Recycling LLC,Jolly's Recycling
"JOSEPH J. BRUNNER, INC.",Joseph J. Brunner Inc
Joseph J Brunner,Joseph J. Brunner Inc
"Joseph J. BRUNNER, INC.",Joseph J. Brunner Inc
Josh's Dumpsters,Josh's Dumpsters
Junk Authority Hawaii LLC,Junk Authority Hawaii LLC
Junk B Gone,Junk B Gone
Junk Solutions Hauling,Junk Solutions Hauling
JunkAppliance.com,JunkAppliance.com
K&K Sanitation,"K&K Sanitation, Inc"
K & K SANITATION,"K&K Sanitation, Inc"
K-TOWN DISPOSAL,K-Town Disposal
KC DISPOSAL,KC DISPOSAL
KMG HAULING INC,KMG HAULING INC
KMG Hauling,KMG HAULING INC
Kootenai County Solid Waste,KOOTENAI COUNTY SOLID WASTE
Kurtz Sanitation,KURTZ SANITATION INC
Kadinger's Inc,Kadinger's Inc
KAIBAB BAND OF PAIUTE INDIANS,Kaibab Band of Paiute Indians
KAMPS,Kamps Inc
Kaysville City,Kaysville City
Ken's Sanitation,Ken's Sanitation
Ken';s Sanitation,Ken's Sanitation
Kept Companies,"Kept Companies, Inc."
"Key Disposal & Recycling, Inc.",Key Disposal & Recycling
Key Works,Key Works
Kienbaum Iron & Metal LLC,Kienbaum Iron & Metal
Kienbaum Iron & Metal,Kienbaum Iron & Metal
Kimble companies,Kimble Companies
Kimble Companies,Kimble Companies
KING Dumpsters,King Dumpsters
Kings RollOff Services,Kings RollOff Services
Kirby Sanitation,Kirby Sanitation
Kluesner SANITATION LLC,Kluesner Sanitation
Kluesner Sanitation,Kluesner Sanitation
KnightHorst Shredding LLC,Knighthorst Shredding Llc
KnightHorst Shredding,Knighthorst Shredding Llc
KOHLMORGAN HAULING,Kohlmorgan Hauling
Kohlmorgan Hauling,Kohlmorgan Hauling
KUERTH'S DISPOSAL INC,"Kuerth's Disposal, Inc."
"L&L Site Services, Inc","L&L Site Services, Inc."
L&L Site Services,"L&L Site Services, Inc."
"Lakeshore Recycling Systems, LLC.",LAKESHORE RECYCLING SYSTEMS
"LAS VEGAS RECYCLING, INC.","LAS VEGAS RECYCLING, INC"
Las Vegas Recycling Inc.,"LAS VEGAS RECYCLING, INC"
Lawrence Waste Services,LAWRENCE WASTE SERVICES CORP
LCI Services,"LCI Services, Inc."
Lemhi Sanitation,LEMHI SANITATION
"Liberty Disposal, Inc.-AZ",LIBERTY DISPOSAL - AZ
Lift Waste & Recycling,LIFT WASTE & RECYCLING
"LK Specialties, LLC",LK Specialties LLC
"LRS, LLC",LRS
LUSK DISPOSAL SERVICE INC.,LUSK DISPOSAL SERVICE
"LUSK DISPOSAL SERVICE, INC.",LUSK DISPOSAL SERVICE
Lusk Disposal Service,LUSK DISPOSAL SERVICE
Lake area Disposal,Lake Area Disposal
LAKE CITY HAULING,Lake City Hauling
Lake Disposal Service of Northern Ohio,Lake Disposal Service of Northern Ohio
Lakers New Prague Sanitary,Lakers New Prague Sanitary Inc
Lakers New Prague Sanitary Inc,Lakers New Prague Sanitary Inc
LAKERS NEW PRAGUE SANITARY,Lakers New Prague Sanitary Inc
Lakers NEW PRAGUE SANITARY INC,Lakers New Prague Sanitary Inc
Lakeside Recycling,Lakeside Recycling
LAKESIDE RECYCLING INC.,Lakeside Recycling
"Larry D. Marshall Disposal, Inc.",Larry D. Marshall Disposal Inc
Lawrence County_Solid Waste Service,Lawrence County Solid Waste Service
Lawrence County Solid Waste Service,Lawrence County Solid Waste Service
LECK WASTE SERVICES,"Leck Waste Services, Inc."
Les's Sanitation,Les's Sanitation
Lexington Computer Recycling,Lexington Computer Recycling
Lexington Computer Recycling LLC,Lexington Computer Recycling
LEXINGTON-fayette Urban County Government,Lexington-Fayette Urban County Government
Lexington -Fayette Urban County Government,Lexington-Fayette Urban County Government
Lexington - Fayette Urban County Government,Lexington-Fayette Urban County Government
LIBERTY ASHES INC.,"Liberty Ashes, Inc"
Liberty Ashes,"Liberty Ashes, Inc"
"Liberty Disposal, Inc.",Liberty Disposal LLC
Liberty Disposal Inc,Liberty Disposal LLC
"Liberty Disposal,",Liberty Disposal LLC
Liberty Disposal LLC,Liberty Disposal LLC
LIBERTY DISPOSAL,Liberty Disposal LLC
"LIBERTY DISPOSAL, INC.",Liberty Disposal LLC
Liberty Waste & Recycling,Liberty Waste & Recycling Inc.
Liberty Waste Solutions,Liberty Waste Solutions
LIBERTY WASTE SOLUTIONS,Liberty Waste Solutions
"Lightning Disposal, Inc.",Lightning Disposal Inc
Lightning Disposal Inc,Lightning Disposal Inc
LITTLE GUYS TRASH CO.,Little Guys Trash Co.
Live Oak Environmental LLC,Live Oak Environmental LLC
Live Oak Environmental,Live Oak Environmental LLC
LOCAL SANITATION,Local Sanitation
Local Sanitation,Local Sanitation
Local Waste Services,Local Waste Services
Local Waste Solution,Local Waste Solution
Local Waste of Upstate,Local Waste of Upstate
Lollar Junk Removal,Lollar Junk Removal
"Long Prairie Sanitation, Inc",Long Prairie Sanitation
Louisiana Waste Systems,Louisiana Waste Systems
M & M Disposal,M&M Disposal
M&M Puget Sound Enterprises LLC,M&M Puget Sound Enterprises LLC
MA SANITATION INC,MA Sanitation Inc
MA Sanitation,MA Sanitation Inc
MARICK'S WASTE DISPOSAL INC.,MARICK'S WASTE DISPOSAL INC
Marick's Waste Disposal,MARICK'S WASTE DISPOSAL INC
"Marick's WASTE DISPOSAL, INC.",MARICK'S WASTE DISPOSAL INC
Marin Sanitary Service,MARIN SANITARY SERVICE
"Marpan Supply Co,. Inc.",MARPAN SUPPLY CO
McGree Trucking,MCGREE TRUCKING
"MCS Midwest, LLC",MCS Midwest
METALPRO,"METALPRO, INC"
"Metalpro, Inc.","METALPRO, INC"
METALPRO.,"METALPRO, INC"
MIEDEMA Sanitation INC,MIEDEMA SANITATION
Miedema Sanitation,MIEDEMA SANITATION
Miles City Sanitation,MILES CITY SANITATION
"MOORE COAL CO., INC.",MOORE COAL
Mosdell Sanitation Inc,MOSDELL SANITATION
Mountain State Waste,MOUNTAIN STATE WASTE
Mountain state waste,MOUNTAIN STATE WASTE
"MR & E, INC.","MR&E, Inc"
"MR & E, Inc.","MR&E, Inc"
MSC Industries Inc.,MSC Industries Inc
Mt. Diablo Resource Recovery,MT. DIABLO RESOURCE RECOVERY
Mt Diablo Resource Recovery,MT. DIABLO RESOURCE RECOVERY
"MUNICIPAL EQUIPMENT, INC.",MUNICIPAL EQUIPMENT INC
MUNICIPAL EQUIPMENT,MUNICIPAL EQUIPMENT INC
"MACKENZIE DISPOSAL, INC.",Mackenzie Disposal
Mackenzie Disposal,Mackenzie Disposal
Madden Sanitation Inc,Madden Sanitation Inc
MADISON MATERIALS,Madison Materials
Madison Materials,Madison Materials
"Magenta Construction Services, Inc.","Magenta Construction Services, Inc."
Maharg,Maharg
Main Street Fibers Inc,Main Street Fibers
Marathon Garbage Service,Marathon Garbage Service Inc
Marathon Wood Products Inc,Marathon Wood Products Inc.
Marborg Industries,Marborg Industries
MarBorg INDUSTRIES,Marborg Industries
Marin Resource Recovery Center,Marin Resource Recovery Center
MARKO Metals,"Marko Metals, Inc"
MATT'S SANITATION,Matt's Sanitation
"Maui Disposal Co., Inc.",Maui Disposal
Maverick Waste Systems,Maverick Waste Systems
Mazza Recycling Services,Mazza Recycling Services
Mecham's Country Garbage,Mecham's Country Garbage
MERIDIAN WASTE,Meridian Waste
Meridian Waste,Meridian Waste
"Metalico Youngstown, Inc.",Metalico-Youngstown
Metalico Youngstown,Metalico-Youngstown
Metech Recycling Inc,"Metech Recycling, Inc."
Miami Waste Paper,Miami Waste Paper Co Inc
"Miami Waste Paper Co., Inc.",Miami Waste Paper Co Inc
Miamitown AUTO PARTS & RECYCLING,Miamitown Auto Parts & Recycling
MIAMITOWN AUTO PARTS & RECYCLING INC,Miamitown Auto Parts & Recycling
Mid Florida Portable Toilet Services,Mid Florida Portable Toilet Services
"Mid South Waste Disposal, Inc",Mid South Waste Disposal
"MID SOUTH WASTE DISPOSAL, INC.",Mid South Waste Disposal
"Mid South Waste Disposal, Inc.",Mid South Waste Disposal
Mid South Waste Disposal Inc.,Mid South Waste Disposal
Mid Valley Disposal,Mid Valley Disposal
MID VALLEY DISPOSAL,Mid Valley Disposal
MID VALLEY Disposal,Mid Valley Disposal
"MID-NEBRASKA DISPOSAL, INC.",Mid-Nebraska Disposal Inc
MIDWEST DISPOSAL,Midwest Disposal LLC
MIDWEST PAPER RETRIEVER,Midwest Paper Retriever LLC
Midwest Sanitation & recycling,Midwest Sanitation & Recycling
MIDWEST SANITATION & RECYCLING,Midwest Sanitation & Recycling
MIdwest Sanitation & Recycling,Midwest Sanitation & Recycling
Midwest Sanitation & Recycling,Midwest Sanitation & Recycling
"Mike Spano & Sons, Inc.","Mike Spano & Sons, Inc."
Mike's Rubbish and Recycling,Mike's Rubbish and Recycling
Miller Enterprises Inc,Miller Enterprises
Mission Trail Waste Systems,Mission Trail Waste Systems
Missoula Compost,Missoula Compost
Missoula Compost LLC,Missoula Compost
"Modern Disposal Services, Inc.",Modern Disposal Services
Modern Disposal Systems LLC,Modern Disposal Systems
Mogford Metals,Mogford Metals
MOLER SANITATION,Moler Sanitation
Moon Companies,Moon Companies
Mountain Disposal,Mountain Disposal
"MOUNTAIN DISPOSAL, INC.",Mountain Disposal
Mountain High Disposal,Mountain High Disposal
"MULBERRY VENTURES, LLC","Mulberry Ventures, LLC"
Murray Sanitation,Murray Sanitation
"Murtha Sanitation, Inc.",Murtha Sanitation
"My Green Michigan, LLC",My Green Michigan
Myers CONTAINER SERVICE CORP.,Myers Container Service Corp
MYERS CONTAINER SERVICE CORP.,Myers Container Service Corp
MYERS CONTAINER SERVICE,Myers Container Service Corp
Myers Container Service,Myers Container Service Corp
NASA Services,NASA SERVICES
Nitti Sanitation,"NITTI SANITATION, INC"
"NITTI SANITATION, INC.","NITTI SANITATION, INC"
"Nitti SANITATION, INC.","NITTI SANITATION, INC"
NITTI SANITATION,"NITTI SANITATION, INC"
Nitti Sanitation Inc.,"NITTI SANITATION, INC"
NW Dumpsters,NW Dumpsters
"NAPA RECYCLING & WASTE SERVICES, LLC","Napa Recycling & Waste Services, LLC"
"National Equipment Solutions, LP","National Equipment Solutions, LP"
National Waste & Disposal Inc.,National Waste & Disposal Inc.
"NAVAJO SANITATION, INC.",Navajo Sanitation Inc.
Navajo Sanitation,Navajo Sanitation Inc.
NEXUS DISPOSAL,Nexus Disposal
NICHOLAS SANITATION INC,"Nicholas Sanitation, Inc"
NIEDERHAUS REFUSE INC.,"Niederhaus Refuse, Inc"
Niese Hauling,Niese Hauling
NISSWA SANITATION INC,Nisswa Sanitation
NOBLE ENVIRONMENTAL,Noble Environmental
Noble Environmental,Noble Environmental
Norland Environmental Service Inc.,"Norland Environmental Service, Inc"
"NORLAND ENVIRONMENTAL SERVICE, INC","Norland Environmental Service, Inc"
"Norland Environmental Service, Inc.","Norland Environmental Service, Inc"
"NORRIS C SANITATION, LLC","Norris C. Sanitation, LLC"
North Country Clean-Up,North Country Clean-Up
North Georgia Waste,North Georgia Waste LLC
North Iredell Sanitation,North Iredell Sanitation
North Lincoln Sanitary Service,North Lincoln Sanitary Service
"NORTHERN RECYCLING & WASTE SERVICES, LLC",Northern Recycling & Waste Services
Northern Waste,Northern Waste
NORTON EQUIPMENT,Norton Equipment Co
NowRush Recycling Solutions,NowRush Recycling Solutions
Ogborne Hauling Inc.,"OGBORNE HAULING, INC"
Oak Disposal Services,Oak Disposal Services
"Ohio Valley Waste Service, Inc.",Ohio Valley Waste Service Inc
OHIO VALLEY WASTE SERVICE,Ohio Valley Waste Service Inc
"Okon Metals, Inc.",Okon Metals Inc
"Olcese Waste Services, Inc.",Olcese Waste Services
Old West Disposal LLC,Old West Disposal
"OLD WEST DISPOSAL,LLC",Old West Disposal
Olson Sanitation Inc,Olson Sanitation
Olympic Compactor Rentals,"Olympic Compactor Rentals, Inc"
OLYMPIC COMPACTOR RENTALS |,"Olympic Compactor Rentals, Inc"
OLYMPIC IV MALL SERVICES,Olympic IV Mall Services
Omega Waste Management Inc.,Omega Waste Management Inc
"OmniSource, LLC",Omnisource
ONTARIO MUNICIPAL UTILITIES COMPANY,Ontario Municipal Utilities Company
Oregon Recycling LLC,"Oregon Recycling, LLC"
"Oregon Recycling, LLC","Oregon Recycling, LLC"
ORLANDO RECYCLING,Orlando Recycling
Ozark Disposal Company,Ozark Disposal Company
P & M Reis Trucking,"P&M Reis Trucking, Inc"
PAK ? RITE,PAK-RITE
Pak Rite,PAK-RITE
Palm Springs Disposal Services,PALM SPRINGS DISPOSAL SERVICES
"PARK'S GARBAGE SERVICE, Inc",PARK'S GARBAGE SERVICE
Pascon,"PASCON, LLC"
"PASCON, LLC","PASCON, LLC"
PASCON,"PASCON, LLC"
PATRIOT DISPOSAL,PATRIOT DISPOSAL
Patriot Disposal Inc.,PATRIOT DISPOSAL
Patriot Disposal,PATRIOT DISPOSAL
Peninsula Refuse,PENINSULA REFUSE
PENINSULA REFUSE,PENINSULA REFUSE
"PINTO SERVICE, INC.","PINTO SERVICE, INC"
PK Metals,PK Metals
Pro Waste Services Inc.,PRO WASTE SERVICES
PRO WASTE SERVICES INC,PRO WASTE SERVICES
PRO WASTE SERVICES INC.,PRO WASTE SERVICES
Pro WASTE SERVICES INC.,PRO WASTE SERVICES
Pro Waste Services,PRO WASTE SERVICES
PSI Waste Equipment Services Inc.,"PSI Waste Equipment Services, Inc"
"PSI Waste Equipment Services, Inc.","PSI Waste Equipment Services, Inc"
Pacific Sanitation Inc.,Pacific Sanitation Inc.
Pacific Sanitation,Pacific Sanitation Inc.
"Pacific Waste, Inc.","Pacific Waste, Inc"
Paine's,"Paine's, Inc"
PANOLA COUNTY SOLID WASTE DEPARTMENT,Panola County Solid Waste Department
Patterson Sanitation,Patterson Sanitation
"Peak Waste, LLC",Peak Waste
PEAK WASTE,Peak Waste
Peak Waste,Peak Waste
Pelican Waste,Pelican Waste
"Pellitteri Waste Systems, Inc","Pellitteri Waste Systems, Inc."
Pendleton Sanitary,Pendleton Sanitary
Penn Waste,"Penn Waste, Inc."
"Penn Waste, Inc.","Penn Waste, Inc."
"PENN WASTE, INC","Penn Waste, Inc."
"PETE & PETE CONTAINER SERVICE, INC","Pete & Pete Container Service, Inc"
Pete & Pete Container service,"Pete & Pete Container Service, Inc"
"PETE & PETE CONTAINER SERVICE, INC.","Pete & Pete Container Service, Inc"
PETE & PETE CONTAINER SERVICE,"Pete & Pete Container Service, Inc"
PIKE COUNTY SOLID WASTE DEPARTMENT,Pike County Solid Waste Department
Plum Creek Environmental Technologies LLC,Plum Creek Environmental Technologies Llc
Ponca City Utility Authority,Ponca City Utility Authority
Pop and Son Trucking,Pop and Son Trucking
Porter Trash Service,Porter Trash Service
Prairie Waste Solutions,Prairie Waste Solutions
"Pratt Recycling, Inc.",Pratt Recycling Inc
Pratt Recycling,Pratt Recycling Inc
Pratt Recycling Inc,Pratt Recycling Inc
Premier Waste LLC,Premier Waste LLC
Prestige Disposal,Prestige Disposal
PRIDE DISPOSAL COMPANY,Pride Disposal Company
Pride DISPOSAL COMPANY,Pride Disposal Company
"PRO DISPOSAL, INC.",Pro Disposal
Pullman Disposal Service,Pullman Disposal Service
PULLMAN DISPOSAL SERVICE,Pullman Disposal Service
Purple Roll-Off,Purple Roll Off
Quality Waste,QUALITY WASTE
R-Local Sanitation,R Local Sanitation LLC
"R&R RECYCLING, INC","R&R Recycling, Inc"
R & W Container,R&W container
RAD CURBSIDE,RAD Curbside
"RDT, INC.","RDT, Inc."
Recology Del Norte,RECOLOGY-DEL NORTE
RECOLOGY GOLDEN GATE,RECOLOGY-GOLDEN GATE
RECOLOGY HUMBOLDT COUNTY,RECOLOGY-HUMBOLDT COUNTY
Recology Humboldt County,RECOLOGY-HUMBOLDT COUNTY
Recology Sonoma Marin,RECOLOGY-SONOMA MARIN
RECOLOGY SONOMA MARIN,RECOLOGY-SONOMA MARIN
"Recon Services, Inc","RECON Services, LLC."
Recon Services,"RECON Services, LLC."
Republic Services #685,REPUBLIC SERVICES #685
Richardson Waste Removal,RICHARDSON WASTE REMOVAL
RICHARDSON WASTE REMOVAL LLC,RICHARDSON WASTE REMOVAL
Ridgerunner Container Service,RIDGERUNNER CONTAINER SERVICE
RTS Waste Services,RTS Waste Services LLC
RTS Waste Services LLC,RTS Waste Services LLC
Ryland Environmental,RYLAND ENVIRONMENTAL
Raekar,RaeKar
Rahn Sanitary,Rahn Sanitary
Rapid Removal Disposal,Rapid Removal Disposal
Real Waste Solutions. LLC.,Real Waste Solutions
Recology Clackamas,Recology Clackamas
RECOLOGY EEL RIVER,Recology Eel River
RECOLOGY SUNSET SCAVENGER,Recology Sunset Scavenger
RECOLOGY OF THE COAST,Recology of the Coast
Recology-Auburn Placer,Recology-Auburn Placer
RECOLOGY AUBURN PLACER,Recology-Auburn Placer
Recology - Cleanscape - South Bay,Recology-Cleanscape-South Bay
RECOLOGY PORTLAND,Recology-Portland
Recology Portland,Recology-Portland
Recycling center Inc,"Recycling Center, Inc"
"RECYCLING CENTER, INC.","Recycling Center, Inc"
Recycling Center,"Recycling Center, Inc"
Recycling Services of Florida,"Recycling Services of Florida, Inc."
"Recycling Services of Florida, Inc.","Recycling Services of Florida, Inc."
Red Can Sanitation,Red Can Sanitation
Redgate Disposal LLC,Redgate Disposal LLC
"Reed Maintenance Services, Inc.",Reed Maintenance Services
"Reliable Paper Recycling, Inc.",Reliable Paper Recycling Inc.
Reliable Paper Recycling,Reliable Paper Recycling Inc.
Reliable Recycling Services,Reliable Recycling Services
RELIABLE SANITATION SERVICE,Reliable Sanitation Service
Renewable Resources,"Renewable Resources, LLC"
Renewable RESOURCES LLC,"Renewable Resources, LLC"
Republic Services,Republic Services
REPUBLIC SERVICES,Republic Services
Republic Services Inc.,Republic Services
Republic services,Republic Services
Republic Services #620,Republic Services #620
Revolution Recycling,Revolution Recycling
Reworld Waste,Reworld Waste LLC
Rhino Waste & Recycling,Rhino Waste & Recycling Inc.
"RHINO WASTE & RECYCLING, INC.",Rhino Waste & Recycling Inc.
"RHINO WASTE & RECYCLING,",Rhino Waste & Recycling Inc.
Rich County Sanitation,Rich County Sanitation
RICH COUNTY SANITATION,Rich County Sanitation
Richardson Waste,Richardson Waste
"RightAway RollOff, LLC","RightAway RollOff, LLC"
RIVER PARISH DISPOSAL LLC.,River Parish Disposal Llc
"RIVER PARISH DISPOSAL, LLC",River Parish Disposal Llc
River Parish Disposal,River Parish Disposal Llc
Roadrunner Sanitation,Roadrunner Sanitation
ROADRUNNER SANITATION,Roadrunner Sanitation
ROBINSON WASTE SERVICES - UTAH,Robinson Waste Services-Utah
Robinson Waste Services-Utah,Robinson Waste Services-Utah
"ROLL OFF SYSTEMS, Inc.",Roll off Systems
Roll-Off Chick,"Roll-Off Chick, LLC."
Roll Off Chick,"Roll-Off Chick, LLC."
Roosevelt City,Roosevelt City
ROOSEVELT CITY,Roosevelt City
ROSEBURG DISPOSAL,Roseburg Disposal
Roseburg Disposal,Roseburg Disposal
ROYAL Carting Service,Royal Carting Service Co
Royal Document Destruction,Royal Document Destruction
Royal Oak Recycling,Royal Oak Recycling
ROYAL SANITATION,Royal Sanitation LLC
Rubatino REFUSE REMOVAL LLC.,Rubatino Refuse Removal
RUBBAGE CONTROL,Rubbage Control
Rubbage Control,Rubbage Control
Rumpke,Rumpke
RUMPKE,Rumpke
S&S METALS,"S&S Metals, Inc"
S&S Metals,"S&S Metals, Inc"
S&S Sanitation,S&S Sanitation
S & S Scrap Metal Inc,"S&S Scrap Metal, Inc"
S&S Scrap Metal Inc.,"S&S Scrap Metal, Inc"
S&S Scrap Metal Inc,"S&S Scrap Metal, Inc"
SA Recycling,SA Recycling LLC
SA Recycling LLC,SA Recycling LLC
SANTA CRUZ MUNICIPAL UTILITIES,SANTA CRUZ MUNICIPAL UTILITIES
"SAVE THAT STUFF, INC.","SAVE THAT STUFF, INC"
SBC Waste Solutions,SBC Waste Solutions Inc
"SBC Waste Solutions, Inc.",SBC Waste Solutions Inc
SBC WASTE SOLUTIONS,SBC Waste Solutions Inc
SEM - Sustainable Environmental Management,SEM - Sustainable Environmental Management
"SGS, LLC dba Carroll Refuse Service",SGS LLC DBA Carroll Refuse Service
SH Recycling,SH Recycling
SHANK WASTE SERVICE INC,SHANK WASTE SERVICE
Standard Waste Services,STANDARD WASTE SERVICES
STANDARD WASTE SERVICES,STANDARD WASTE SERVICES
Stevens Disposal,STEVENS DISPOSAL
Stevens Disposal &,STEVENS DISPOSAL
Styro Recycle LLC,STYRO RECYCLE LLC
SWINGER SANITATION,SWINGER SANITATION
SAGE Disposal,"Sage Disposal, LLC"
Same Day Dumpsters,Same Day Dumpsters
Sanitary Service Company,Sanitary Service Company
SANITATION ONE,Sanitation One
Sanitation One,Sanitation One
SANITATION SOLUTIONS INC.,Sanitation Solutions
SANITATION SOLUTIONS INC,Sanitation Solutions
"SANITATION SOLUTIONS, INC.",Sanitation Solutions
Scrap It,"Scrap-It, Inc."
Scraps Mile High,Scraps Mile High
SEAGRAVES PLUMBING,Seagraves Plumbing
Secrest Disposal,Secrest Disposal Co.
Secrest Disposal Co,Secrest Disposal Co.
Secrest Disposal Co.,Secrest Disposal Co.
Selk Sanitation,Selk Sanitation
Serious Sanitation Inc,Serious Sanitation
"Service Recycling, LLC.",Service Recycling
Shred It,Shred-it
Shred-It,Shred-it
Shred360,"Shred360, LLC"
"SHULAR'S TRASH SERVICE, LLC",Shular's Trash Service
Signature Dumpster Rentals,Signature Dumpster Rentals
Silverback Haulers LLC,Silverback Haulers LLC
SILVERBACK HAULERS,Silverback Haulers LLC
Silverback Haulers,Silverback Haulers LLC
Skjeveland Enterprises,Skjeveland Enterprises
"SKYHOOK, LLC.","SkyHook, LLC"
SKYHOOK,"SkyHook, LLC"
Smarttrash,SmartTrash
SmartTrash,SmartTrash
"Smash Franchise Partners, LLC","Smash Franchise Partners, LLC"
"Smith Creek, Inc.",Smith Creek
SMITH CREEK,Smith Creek
"Smoky Mountain Waste, LLC",Smoky Mountain Waste LLC
"Snake River Dispose-All, Inc.",Snake River Dispose-All
So Much More Space,So Much More Space
Solid Rock Waste LLC,Solid Rock Waste
"Solid Waste Services of WV, Inc.","Solid Waste Services of WV, Inc."
Somerset Utilities,Somerset Utilities
Sonoran Ranch Services,Sonoran Ranch Services
SONORAN RANCH SERVICES,Sonoran Ranch Services
Sound Disposal Inc.,Sound Disposal Inc.
"SOUND DISPOSAL, INC.",Sound Disposal Inc.
South Central Junk Removal,South Central Junk Removal LLC
"South Shore Disposal, Inc.",South Shore Disposal
"South Tahoe Refuse Co., Inc","South Tahoe Refuse Co., Inc"
South Tahoe Refuse,"South Tahoe Refuse Co., Inc"
Southeast Recycling Group,Southeast Recycling Group
Southern Illinois Waste Container LLC,Southern Illinois Waste Container
"Southern Oregon Sanitation, Inc.",Southern Oregon Sanitation
Southern Sanitation,Southern Sanitation
"SOUTHWEST SANITATION, INC",Southwest Sanitation
Sparks Junk Removal & Hauling,Sparks Junk Removal & Hauling
Specialty Pallet + Crate,Specialty Pallet & Crate
Specialty Pallet & Crate,Specialty Pallet & Crate
Specialty Pallet Crate,Specialty Pallet & Crate
Specialty Pallet+ Crate,Specialty Pallet & Crate
SPEEDY DUMP,"Speedy Dump, LLC"
"Speedy Dump, LLC","Speedy Dump, LLC"
Sphuler Disposal,Sphuler Disposal
"Stafford Solid Waste, Inc.",Stafford Solid Waste
"Stanphill Sanitation, LLC.",Stanphill Sanitation LLC
"Star Waste Systems, LLC",Star Waste Systems
STARGATE METALS,"Stargate Metals, LLC"
STEP UP DISPOSALS,Step Up Disposals
"Stericycle, Inc.",Stericycle
"Stericycle, Inc",Stericycle
Stericycle Inc,Stericycle
"STERICYCLE, INC.",Stericycle
"STERICYCLE, INC",Stericycle
Stericycle,Stericycle
Steve's Sanitation,"Steve's Sanitation, Inc"
"STEVE'S SANITATION, INC.","Steve's Sanitation, Inc"
Stewart Sanitation,Stewart Sanitation
STRYKER ENVIRONMENTAL,Stryker Environmental
Stryker Environmental,Stryker Environmental
Stryker Environmental LLC,Stryker Environmental
STUTZMAN REFUSE DISPOSAL,Stutzman Refuse Disposal Inc.
Suburban Disposal,Suburban Disposal
SUBURBAN DISPOSAL,Suburban Disposal
Suburban Waste Services,Suburban Waste Services
Sulpher Springs Sanitation LLC,Sulpher Springs Sanitation
Summit Waste & Recycling,Summit Waste & Recycling LLC
"Sunrise Sanitation Service, Inc.",Sunrise Sanitation Service Inc.
Sunshine Disposal & Recycling,Sunshine Disposal & Recycling
Sunshine Disposal & Recycling*,Sunshine Disposal & Recycling
Sunshine Disposal & Recycling®,Sunshine Disposal & Recycling
Superior Waste Services of New York Inc.,Superior Waste Services of New York
SUTHERLIN SANITARY SERVICE LLC.,Sutherlin Sanitary Service LLC
Sutherlin Sanitary Service,Sutherlin Sanitary Service LLC
Sutter Disposal,Sutter Disposal
"Sutton Disposal Service, LLC",Sutton Disposal Service LLC
Swanson Solutions LLC,Swanson Solutions
SWEETLAND LTD,Sweetland Ltd
Sweitzer Waste Removal,Sweitzer Waste Removal
SWI Specific Waste Industries,Swi - Specific Waste Industries
T&S TRASH SERVICE,T & S Trash Service
T & S TRASH SERVICE,T & S Trash Service
T & G Sanitation,T&G Sanitation
TBS WASTE LLC,TBS Waste LLC
TFC Recycling,TFC Recycling
THE TRASH COMPANY,THE TRASH COMPANY
Thompson's Sanitary Service,THOMPSON'S SANITARY SERVICE
THOMPSON'S SANITARY SERVICE,THOMPSON'S SANITARY SERVICE
"THOMPSON'S SANITARY SERVICE, INC",THOMPSON'S SANITARY SERVICE
Tiger Sanitation LLC,TIGER SANITATION
"Tiger Sanitation, LLC",TIGER SANITATION
TIGER SANITATION,TIGER SANITATION
Tiger Sanitation,TIGER SANITATION
TIGER TRASH,TIGER TRASH
Tiger Trash,TIGER TRASH
TNR Hauling,TNR Hauling
Tower Compactor Rental,TOWER COMPACTOR RENTAL
Town & Country Sanitation Inc,TOWN & COUNTRY SANITATION
Trash Control Inc,"TRASH CONTROL, INC"
TRASH CONTROL,"TRASH CONTROL, INC"
TRI-COUNTY INDUSTRIES INC,TRI-COUNTY INDUSTRIES
TRIPLE H ENTERPRISES LLC,TRIPLE H ENTERPRISES
TYGARTS VALLEY SANITATION INC.,TYGARTS VALLEY SANITATION
Tahoe Basin Container & Recycling Services,Tahoe Basin Container & Recycling Services
Tahoe Truckee Sierra Disposal,Tahoe Truckee Sierra Disposal
Tate Services,Tate Services Inc
TEG Lease,Teg Lease
Temps Disposal Service,Temps Disposal Service
"Tennessee Waste Haulers, LLC","Tennessee Waste Haulers, LLC"
Tennis Sanitation LLC,Tennis Sanitation
TEXAS COMMERCIAL WASTE,Texas Commercial Waste
Texas Commercial Waste,Texas Commercial Waste
Texas Port Recycling,Texas Port Recycling
TEXAS PRIDE,Texas Pride
Texas Shred,Texas Shred
"The Diamond Disposal, Inc","The Diamond Disposal, Inc"
The Diamond Disposal,"The Diamond Disposal, Inc"
The PennOhio Corporation,The PennOhio Corporation
The Shred Truck,The Shred Truck
The Trash Man,The Trash Man
THE TRASH MAN,The Trash Man
Thomas Refuse,Thomas Refuse
"Thompson Sanitation, Inc.",Thompson Sanitation
Thompson Sanitation,Thompson Sanitation
Thompson Sanitation Corp,Thompson Sanitation Corp
Timberline LLC,Timberline LLC
Tims Trash Service,Tims Trash Service
Tom Danley Disposal LLC,Tom Danley Disposal. LLC
Tomahawk Disposal,Tomahawk Disposal
Tonto Basin Sanitation,Tonto Basin Sanitation
TORREZ SANITATION LLC,Torrez Sanitation LLC
Total Disposal Inc.,Total Disposal
Total Disposal,Total Disposal
"TOTAL RECLAIM, INC",Total Reclaim
"TOTAL RECLAIM, INC.",Total Reclaim
Total Reclaim,Total Reclaim
Total Reclaim Inc,Total Reclaim
Total Recycling,"Total Recycling, LLC"
Total Waste Management,Total Waste Management
Town of Diamondville,Town of Diamondville
Town of Dutch John,Town of Dutch John
Town of Gardnerville,Town of Gardnerville
TOWN OF LAKE PARK,Town of Lake Park
Town of Lake Park,Town of Lake Park
TOWN OF LIMON,Town of Limon CO
Town of Lusk,Town of Lusk
Town of Wheatland,Town of Wheatland
Town of Wickenburg,Town of Wickenburg
Trans Trash,Trans Trash
Trash Eaters LLC,Trash Eaters LLC
TRASH KANS,"Trash Kans, LLC"
Trash Kans,"Trash Kans, LLC"
Trash Rangers,Trash Rangers LLC
Trash Rangers LLC,Trash Rangers LLC
TRASH TAXI of ALABAMA LLC,"Trash Taxi of Alabama, LLC"
"TRASH TAXI OF GA., LLC",Trash Taxi of GA
Trash Taxi of GA,Trash Taxi of GA
"TRASH TAXI OF GA.,LLC",Trash Taxi of GA
TREASURE COAST RECYCLING INC,Treasure Coast Recycling
Tri-City Disposal,Tri-City Disposal
TRI-CITY DISPOSAL,Tri-City Disposal
"Tri-State Carting, Inc.",Tri-State Carting
TRIDENT WASTE & RECYCLING,Trident Waste & Recycling
"Triple-H DISPOSAL, LLC",Triple H Disposal
Triple-H Disposal,Triple H Disposal
Triple H Disposal,Triple H Disposal
"Triple H DISPOSAL, LLC",Triple H Disposal
Troiano Waste Services Inc.,"Troiano Waste Services, Inc"
Tropical Trash,Tropical Trash
Troupe waste & recycling,Troupe Waste & Recycling
Two Men and a Junk Truck,Two Men and a Junk Truck
U & I Sanitation,U&I SANITATION
U & I SANITATION,U&I SANITATION
Universal Waste Systems,UNIVERSAL WASTE SYSTEMS
Universal Waste Systems Inc,UNIVERSAL WASTE SYSTEMS
Universal Waste Systems INC,UNIVERSAL WASTE SYSTEMS
UNIVERSAL WASTE SYSTEMS INC.,UNIVERSAL WASTE SYSTEMS
Updike Industries,UPDIKE INDUSTRIES
"Updike Industries, Inc.",UPDIKE INDUSTRIES
"USA WASTE & RECYCLING, INC.",USA Waste & Recycling
Ultimate Dumpsters,Ultimate Dumpsters
United Rentals,United Rentals
UNITED STATES DISPOSAL SERVICE,United States Disposal Service
United Waste Systems,United Waste Systems
Uribe Refuse Services,Uribe Refuse Services
Valley Sanitation LLC,VALLEY SANITATION
Veolia ES Technical Solutions,"VEOLIA ES TECHNICAL SOLUTIONS, LLC"
VLS Environmental Solutions,VLS Environmental Solutions
VLS ENVIRONMENTAL SOLUTIONS,VLS Environmental Solutions
VOGEL DISPOSAL SERVICE,VOGEL DISPOSAL SERVICE
VALLEY VISTA SERVICES,Valley Vista Services
"Valley Vista Services, Inc.",Valley Vista Services
VALLEY WASTE SERVICE INC.,"Valley Waste Service, Inc."
VANDERPOEL DISPOSAL,Vanderpoel Disposal
VARNER BROS INC,"Varner Bros., Inc"
"VELPEN TRUCKING & DISPOSAL CO, INC",Velpen Trucking & Disposal
"Virgin Valley Disposal, Inc.","Virgin Valley Disposal, Inc"
Vista Recycling,Vista Recycling
VISTA RECYCLING,Vista Recycling
VISTA RECYCLING INC,Vista Recycling
Volunteer Disposal West,Volunteer Disposal West
Walker Lake Disposal,"WALKER LAKE DISPOSAL, INC"
"WASTE CONNECTIONS PENN WASTE, INC",WASTE CONNECTIONS - PENN WASTE
"Waste Watchers of Savannah, LLC",WASTE WATCHERS OF SAVANNAH
WAYN-O'S DISPOSAL SERVICE LLC.,"WAYN-O'S DISPOSAL SERVICE, LLC"
WB Waste Solutions,WB Waste Solutions LLC
WG Waste,WG Waste
WG WASTE,WG Waste
WG Waste LLC,WG Waste
"WG Waste, LLC",WG Waste
WIN WASTE INNOVATIONS,WIN WASTE INNOVATIONS
WIN Waste Innovations,WIN WASTE INNOVATIONS
"WM COMPACTOR SOLUTIONS, INC.","WM Compactor Solutions, Inc"
Walter's Recycling & Refuse,"Walter's Recycling & Refuse, Inc."
Walters Sanitary Service,"Walters Sanitary Service, Inc"
"Walters Sanitary Service, Inc.","Walters Sanitary Service, Inc"
Ware Disposal,"Ware Disposal, Inc"
WARE DISPOSAL,"Ware Disposal, Inc"
WASATCH INTEGRATED waste management district,Wasatch Integrated Waste Management District
Waste Advantage,Waste Advantage
"WASTE CONNECTIONS C&S WASTE SOLUTIONS OF LASSEN COUNTY, LLC",Waste Connections - C&S Waste Solutions of Lassen County
Waste Connections - E.L. HARVEY & SONS INC.,Waste Connections - E.L. Harvey & Sons Inc.
Waste Connections - E.L. Harvey & Sons Inc.,Waste Connections - E.L. Harvey & Sons Inc.
Waste Connections - J&J Services,Waste Connections - J&J Services
WASTE CONNECTIONS METHVIN SANITATION,Waste Connections - Methvin Sanitation
Waste Connections - Scott Waste Services 6052,Waste Connections - Scott Waste Services 6052
Waste Connections - Tampa,Waste Connections - Tampa
Waste Connections Of Texas,Waste Connections of Texas
"Waste Connections of Texas, LLC",Waste Connections of Texas
WASTE CONNECTIONS OF TEXAS LLC,Waste Connections of Texas
"WASTE CONNECTIONS OF TEXAS, LLC",Waste Connections of Texas
Waste Disposal,"Waste Disposal, LLC"
WASTE DISPOSAL LLC,"Waste Disposal, LLC"
WASTE DISPOSAL,"Waste Disposal, LLC"
WASTE hARMONICS,"Waste Harmonics, LLC"
Waste Harmonics,"Waste Harmonics, LLC"
"Waste Harmonics, LLC","Waste Harmonics, LLC"
WASTE MANAGEMENT,Waste Management
Waste Management,Waste Management
Waste Management - National,Waste Management - National
Waste Management National,Waste Management - National
"WASTE MANAGEMENT OF COLORADO, INC.",Waste Management of Colorado
Waste Management of Colorado,Waste Management of Colorado
Waste Masters Solutions,Waste Masters Solutions
"Waste Partners, Inc.",Waste Partners Inc.
Waste Partners Inc,Waste Partners Inc.
"WASTE PATH SERVICES, LLC","Waste Path Services, LLC"
Waste Path Services,"Waste Path Services, LLC"
WASTE PRO,Waste Pro
WASTE PRO Caring For Our Communities,Waste Pro
WASTE PRO®,Waste Pro
WASTE-PRO,Waste Pro
Waste Pro,Waste Pro
Waste Pro - Atlanta 202,Waste Pro - Atlanta 202
"WASTE PRO HAWAII, LLC",Waste Pro - Hawaii
WASTE PRO HAWAII,Waste Pro - Hawaii
Waste Pro - Meridian 602,Waste Pro - Meridian 602
Waste Pro -Meridian 602,Waste Pro - Meridian 602
Waste Pro - New Orleans 604,Waste Pro - New Orleans 604
WASTE PRO - Pembroke Pines 117,Waste Pro - Pembroke Pines 117
Waste & Recycling,"Waste Recycling, Inc"
"WASTE & RECYCLING, INC.","Waste Recycling, Inc"
"Waste Recycling, Inc.","Waste Recycling, Inc"
WASTE & RECYCLING,"Waste Recycling, Inc"
Waste Removal and Recycling,"Waste Removal and Recycling, Inc"
"Waste Services, Inc.",Waste Services
WASTE SERVICES INC.,Waste Services
"Waste Services, LLC",Waste Services
Waste Services,Waste Services
"WASTE SERVICES, INC.",Waste Services
WASTE SERVICES,Waste Services
"WASTE SERVICES, LLC.",Waste Services
Waste Services LLC,Waste Services
WASTEWISE METHOW,WasteWise Methow
"WASTELESS SOLUTIONS, LLC",Wasteless Solutions
Wasteology,Wasteology
WASTEOLOGY,Wasteology
Waterman Recycling & Disposal,Waterman Recycling & Disposal
WATERTOWN IRON & METAL,Watertown Iron & Metal Co
"Weaver's Sanitation Svc, Inc.","Weaver's Sanitation Svc, Inc."
WEMIGA WASTE INC.,Wemiga Waste
"Werlor, Inc.","Werlor, Inc"
Wessco Waste & Recycling Equipment,Wessco Waste & Recycling Equipment
WEST CENTRAL SANitation,"West Central Sanitation, Inc"
West Central Sanitation,"West Central Sanitation, Inc"
West Georgia Sanitation,West Georgia Sanitation
"WEST OAHU AGGREGATE CO., INC.",West Oahu Aggregate
West Texas Dumpsters,West Texas Dumpsters
Westrock,WestRock
WESTBURY PAPER STOCK CORP.,Westbury Paper Stock Corp
Western Disposal Services,Western Disposal Services
WESTERN ELITE,Western Elite
Western Kane County,Western Kane County
Western Waste Services,"Western Waste Services, Inc"
WESTSIDE DISPOSAL,Westside Disposal
WESTSIDE WASTE MANAGEMENT,"Westside Waste Management Co, Inc."
WHAT A WASTE,"What a Waste, LLC"
"WHAT A WASTE, LLC","What a Waste, LLC"
White County Solid Waste,White County Solid Waste
"Willey's Refuse Disposal, Inc.","Willey's Refuse Disposal, Inc"
Willey's Refuse Disposal,"Willey's Refuse Disposal, Inc"
William Branscum,William Branscum
Windsor Sanitation Inc,Windsor Sanitation
Wingfield Service,Wingfield Service
Wise Environmental Solutions,Wise Environmental Solutions
"Wise Environmental Solutions, INC.",Wise Environmental Solutions
Wompost LLC,Wompost
"Wompost, LLC",Wompost
Woods Hauling Service,Woods Hauling Service
Wright's Environmental,Wright's Environmental
"Yreka Transfer, LLC",Yreka Transfer
Yreka Transfer,Yreka Transfer
ZTERS Inc,ZTERS
"Zach Erwin Construction, Inc.",Zach Erwin Construction Inc
ZAMPOGNA LLC,Zampogna Inc
ZAMPOGNA INC.,Zampogna Inc
Zarc Recycling,"Zarc Recycling, LLC"
Zero Waste & Recycling Services Inc.,Zero Waste & Recycling Services Inc
